gsm,series_accession,group_class,analysis_set,disease_label,in_counts_matrix,scale,age,sex,bmi,diabetes,nas_score,fibrosis_stage,instrument_model,series_title,sample_title,material_class,is_single_cell,organism,tissue,cell_line,cell_type,source_name,group_rule_fired,weight,ethnicity,steatosis_grade,inflammation_grade,ballooning_grade,is_treated,treatment_agent,treatment_dose,treatment_duration,treatment_source,treatment_protocol,genotype,library_strategy,library_source,library_selection,molecule,batch,srx,srp_study,bioproject,geo_sample_url,geo_series_url,geo_series_suppl_dir,geo_sample_suppl_files,srr,fastq_ftp,fastq_bytes,read_count,sra_run_url,pubmed_id,submission_date,characteristics_all
GSM8630050,GSE281797,case,primary,MASH,yes,counts,45,Male,29.764,0,4,0,Illumina NovaSeq 6000,Transcriptomic profiles of liver biopsies in obese patients with metabolic dysfunction-associated steatotic liver disease,HumanLiver_S308,human liver tissue,no,Homo sapiens,Liver,,,Liver,explicit label: MASH,,,2,1.0,1.0,no,,,,,,,RNA-Seq,transcriptomic,cDNA,total RNA,,SRX26701090,,,https://www.ncbi.nlm.nih.gov/geo/query/acc.cgi?acc=GSM8630050,https://www.ncbi.nlm.nih.gov/geo/query/acc.cgi?acc=GSE281797,https://ftp.ncbi.nlm.nih.gov/geo/series/GSE281nnn/GSE281797/suppl/,,,,,,,41870035,Nov 13 2024,tissue: Liver || gender: Male || age at_biopsy: 45 || body mass_index: 29.764 || diabetes: 0 || steatosis grade: 2 || fibrosis grade: 0 || inflammation grade: 1 || ballooning grade: 1 || nafld activity_score: 4 || diagnosis: MASH
GSM8630051,GSE281797,case,primary,MASL,yes,counts,36,Female,42.786,0,2,0,Illumina NovaSeq 6000,Transcriptomic profiles of liver biopsies in obese patients with metabolic dysfunction-associated steatotic liver disease,HumanLiver_S309,human liver tissue,no,Homo sapiens,Liver,,,Liver,explicit label: MASL,,,1,1.0,0.0,no,,,,,,,RNA-Seq,transcriptomic,cDNA,total RNA,,SRX26701091,,,https://www.ncbi.nlm.nih.gov/geo/query/acc.cgi?acc=GSM8630051,https://www.ncbi.nlm.nih.gov/geo/query/acc.cgi?acc=GSE281797,https://ftp.ncbi.nlm.nih.gov/geo/series/GSE281nnn/GSE281797/suppl/,,,,,,,41870035,Nov 13 2024,tissue: Liver || gender: Female || age at_biopsy: 36 || body mass_index: 42.786 || diabetes: 0 || steatosis grade: 1 || fibrosis grade: 0 || inflammation grade: 1 || ballooning grade: 0 || nafld activity_score: 2 || diagnosis: MASL
GSM8630052,GSE281797,case,primary,MASL,yes,counts,27,Male,35.802,0,2,0,Illumina NovaSeq 6000,Transcriptomic profiles of liver biopsies in obese patients with metabolic dysfunction-associated steatotic liver disease,HumanLiver_S310,human liver tissue,no,Homo sapiens,Liver,,,Liver,explicit label: MASL,,,1,1.0,0.0,no,,,,,,,RNA-Seq,transcriptomic,cDNA,total RNA,,SRX26701102,,,https://www.ncbi.nlm.nih.gov/geo/query/acc.cgi?acc=GSM8630052,https://www.ncbi.nlm.nih.gov/geo/query/acc.cgi?acc=GSE281797,https://ftp.ncbi.nlm.nih.gov/geo/series/GSE281nnn/GSE281797/suppl/,,,,,,,41870035,Nov 13 2024,tissue: Liver || gender: Male || age at_biopsy: 27 || body mass_index: 35.802 || diabetes: 0 || steatosis grade: 1 || fibrosis grade: 0 || inflammation grade: 1 || ballooning grade: 0 || nafld activity_score: 2 || diagnosis: MASL
GSM8630053,GSE281797,case,primary,MASL,yes,counts,60,Female,53.778,1,2,2,Illumina NovaSeq 6000,Transcriptomic profiles of liver biopsies in obese patients with metabolic dysfunction-associated steatotic liver disease,HumanLiver_S311,human liver tissue,no,Homo sapiens,Liver,,,Liver,explicit label: MASL,,,2,0.0,0.0,no,,,,,,,RNA-Seq,transcriptomic,cDNA,total RNA,,SRX26701113,,,https://www.ncbi.nlm.nih.gov/geo/query/acc.cgi?acc=GSM8630053,https://www.ncbi.nlm.nih.gov/geo/query/acc.cgi?acc=GSE281797,https://ftp.ncbi.nlm.nih.gov/geo/series/GSE281nnn/GSE281797/suppl/,,,,,,,41870035,Nov 13 2024,tissue: Liver || gender: Female || age at_biopsy: 60 || body mass_index: 53.778 || diabetes: 1 || steatosis grade: 2 || fibrosis grade: 2 || inflammation grade: 0 || ballooning grade: 0 || nafld activity_score: 2 || diagnosis: MASL
GSM8630054,GSE281797,case,primary,MASL,yes,counts,36,Female,41.907,1,1,0,Illumina NovaSeq 6000,Transcriptomic profiles of liver biopsies in obese patients with metabolic dysfunction-associated steatotic liver disease,HumanLiver_S312,human liver tissue,no,Homo sapiens,Liver,,,Liver,explicit label: MASL,,,1,0.0,0.0,no,,,,,,,RNA-Seq,transcriptomic,cDNA,total RNA,,SRX26701152,,,https://www.ncbi.nlm.nih.gov/geo/query/acc.cgi?acc=GSM8630054,https://www.ncbi.nlm.nih.gov/geo/query/acc.cgi?acc=GSE281797,https://ftp.ncbi.nlm.nih.gov/geo/series/GSE281nnn/GSE281797/suppl/,,,,,,,41870035,Nov 13 2024,tissue: Liver || gender: Female || age at_biopsy: 36 || body mass_index: 41.907 || diabetes: 1 || steatosis grade: 1 || fibrosis grade: 0 || inflammation grade: 0 || ballooning grade: 0 || nafld activity_score: 1 || diagnosis: MASL
GSM8630055,GSE281797,case,primary,MASH,yes,counts,47,Female,51.495,1,7,0,Illumina NovaSeq 6000,Transcriptomic profiles of liver biopsies in obese patients with metabolic dysfunction-associated steatotic liver disease,HumanLiver_S313,human liver tissue,no,Homo sapiens,Liver,,,Liver,explicit label: MASH,,,3,2.0,2.0,no,,,,,,,RNA-Seq,transcriptomic,cDNA,total RNA,,SRX26701163,,,https://www.ncbi.nlm.nih.gov/geo/query/acc.cgi?acc=GSM8630055,https://www.ncbi.nlm.nih.gov/geo/query/acc.cgi?acc=GSE281797,https://ftp.ncbi.nlm.nih.gov/geo/series/GSE281nnn/GSE281797/suppl/,,,,,,,41870035,Nov 13 2024,tissue: Liver || gender: Female || age at_biopsy: 47 || body mass_index: 51.495 || diabetes: 1 || steatosis grade: 3 || fibrosis grade: 0 || inflammation grade: 2 || ballooning grade: 2 || nafld activity_score: 7 || diagnosis: MASH
GSM8630056,GSE281797,case,primary,MASL,yes,counts,58,Female,36.984,1,2,3,Illumina NovaSeq 6000,Transcriptomic profiles of liver biopsies in obese patients with metabolic dysfunction-associated steatotic liver disease,HumanLiver_S314,human liver tissue,no,Homo sapiens,Liver,,,Liver,explicit label: MASL,,,2,0.0,0.0,no,,,,,,,RNA-Seq,transcriptomic,cDNA,total RNA,,SRX26701118,,,https://www.ncbi.nlm.nih.gov/geo/query/acc.cgi?acc=GSM8630056,https://www.ncbi.nlm.nih.gov/geo/query/acc.cgi?acc=GSE281797,https://ftp.ncbi.nlm.nih.gov/geo/series/GSE281nnn/GSE281797/suppl/,,,,,,,41870035,Nov 13 2024,tissue: Liver || gender: Female || age at_biopsy: 58 || body mass_index: 36.984 || diabetes: 1 || steatosis grade: 2 || fibrosis grade: 3 || inflammation grade: 0 || ballooning grade: 0 || nafld activity_score: 2 || diagnosis: MASL
GSM8630057,GSE281797,case,primary,MASL,yes,counts,40,Female,38.582,1,2,1,Illumina NovaSeq 6000,Transcriptomic profiles of liver biopsies in obese patients with metabolic dysfunction-associated steatotic liver disease,HumanLiver_S315,human liver tissue,no,Homo sapiens,Liver,,,Liver,explicit label: MASL,,,1,1.0,0.0,no,,,,,,,RNA-Seq,transcriptomic,cDNA,total RNA,,SRX26701129,,,https://www.ncbi.nlm.nih.gov/geo/query/acc.cgi?acc=GSM8630057,https://www.ncbi.nlm.nih.gov/geo/query/acc.cgi?acc=GSE281797,https://ftp.ncbi.nlm.nih.gov/geo/series/GSE281nnn/GSE281797/suppl/,,,,,,,41870035,Nov 13 2024,tissue: Liver || gender: Female || age at_biopsy: 40 || body mass_index: 38.582 || diabetes: 1 || steatosis grade: 1 || fibrosis grade: 1 || inflammation grade: 1 || ballooning grade: 0 || nafld activity_score: 2 || diagnosis: MASL
GSM8630058,GSE281797,case,primary,MASH,yes,counts,38,Male,44.845,0,6,1,Illumina NovaSeq 6000,Transcriptomic profiles of liver biopsies in obese patients with metabolic dysfunction-associated steatotic liver disease,HumanLiver_S316,human liver tissue,no,Homo sapiens,Liver,,,Liver,explicit label: MASH,,,3,2.0,1.0,no,,,,,,,RNA-Seq,transcriptomic,cDNA,total RNA,,SRX26701140,,,https://www.ncbi.nlm.nih.gov/geo/query/acc.cgi?acc=GSM8630058,https://www.ncbi.nlm.nih.gov/geo/query/acc.cgi?acc=GSE281797,https://ftp.ncbi.nlm.nih.gov/geo/series/GSE281nnn/GSE281797/suppl/,,,,,,,41870035,Nov 13 2024,tissue: Liver || gender: Male || age at_biopsy: 38 || body mass_index: 44.845 || diabetes: 0 || steatosis grade: 3 || fibrosis grade: 1 || inflammation grade: 2 || ballooning grade: 1 || nafld activity_score: 6 || diagnosis: MASH
GSM8630059,GSE281797,case,primary,MASL,yes,counts,36,Female,52.507,0,1,1,Illumina NovaSeq 6000,Transcriptomic profiles of liver biopsies in obese patients with metabolic dysfunction-associated steatotic liver disease,HumanLiver_S317,human liver tissue,no,Homo sapiens,Liver,,,Liver,explicit label: MASL,,,1,0.0,0.0,no,,,,,,,RNA-Seq,transcriptomic,cDNA,total RNA,,SRX26701179,,,https://www.ncbi.nlm.nih.gov/geo/query/acc.cgi?acc=GSM8630059,https://www.ncbi.nlm.nih.gov/geo/query/acc.cgi?acc=GSE281797,https://ftp.ncbi.nlm.nih.gov/geo/series/GSE281nnn/GSE281797/suppl/,,,,,,,41870035,Nov 13 2024,tissue: Liver || gender: Female || age at_biopsy: 36 || body mass_index: 52.507 || diabetes: 0 || steatosis grade: 1 || fibrosis grade: 1 || inflammation grade: 0 || ballooning grade: 0 || nafld activity_score: 1 || diagnosis: MASL
GSM8630060,GSE281797,control,primary,No Pathology,yes,counts,72,Male,32.347,1,0,1,Illumina NovaSeq 6000,Transcriptomic profiles of liver biopsies in obese patients with metabolic dysfunction-associated steatotic liver disease,HumanLiver_S319,human liver tissue,no,Homo sapiens,Liver,,,Liver,explicit label: No Pathology,,,0,0.0,0.0,no,,,,,,,RNA-Seq,transcriptomic,cDNA,total RNA,,SRX26701092,,,https://www.ncbi.nlm.nih.gov/geo/query/acc.cgi?acc=GSM8630060,https://www.ncbi.nlm.nih.gov/geo/query/acc.cgi?acc=GSE281797,https://ftp.ncbi.nlm.nih.gov/geo/series/GSE281nnn/GSE281797/suppl/,,,,,,,41870035,Nov 13 2024,tissue: Liver || gender: Male || age at_biopsy: 72 || body mass_index: 32.347 || diabetes: 1 || steatosis grade: 0 || fibrosis grade: 1 || inflammation grade: 0 || ballooning grade: 0 || nafld activity_score: 0 || diagnosis: No Pathology
GSM8630061,GSE281797,case,primary,MASL,yes,counts,44,Female,36.504,1,2,0,Illumina NovaSeq 6000,Transcriptomic profiles of liver biopsies in obese patients with metabolic dysfunction-associated steatotic liver disease,HumanLiver_S320,human liver tissue,no,Homo sapiens,Liver,,,Liver,explicit label: MASL,,,1,1.0,0.0,no,,,,,,,RNA-Seq,transcriptomic,cDNA,total RNA,,SRX26701093,,,https://www.ncbi.nlm.nih.gov/geo/query/acc.cgi?acc=GSM8630061,https://www.ncbi.nlm.nih.gov/geo/query/acc.cgi?acc=GSE281797,https://ftp.ncbi.nlm.nih.gov/geo/series/GSE281nnn/GSE281797/suppl/,,,,,,,41870035,Nov 13 2024,tissue: Liver || gender: Female || age at_biopsy: 44 || body mass_index: 36.504 || diabetes: 1 || steatosis grade: 1 || fibrosis grade: 0 || inflammation grade: 1 || ballooning grade: 0 || nafld activity_score: 2 || diagnosis: MASL
GSM8630062,GSE281797,control,primary,No Pathology,yes,counts,34,Female,35.275,0,0,0,Illumina NovaSeq 6000,Transcriptomic profiles of liver biopsies in obese patients with metabolic dysfunction-associated steatotic liver disease,HumanLiver_S321,human liver tissue,no,Homo sapiens,Liver,,,Liver,explicit label: No Pathology,,,0,0.0,0.0,no,,,,,,,RNA-Seq,transcriptomic,cDNA,total RNA,,SRX26701094,,,https://www.ncbi.nlm.nih.gov/geo/query/acc.cgi?acc=GSM8630062,https://www.ncbi.nlm.nih.gov/geo/query/acc.cgi?acc=GSE281797,https://ftp.ncbi.nlm.nih.gov/geo/series/GSE281nnn/GSE281797/suppl/,,,,,,,41870035,Nov 13 2024,tissue: Liver || gender: Female || age at_biopsy: 34 || body mass_index: 35.275 || diabetes: 0 || steatosis grade: 0 || fibrosis grade: 0 || inflammation grade: 0 || ballooning grade: 0 || nafld activity_score: 0 || diagnosis: No Pathology
GSM8630063,GSE281797,control,primary,No Pathology,yes,counts,51,Female,48.048,0,0,0,Illumina NovaSeq 6000,Transcriptomic profiles of liver biopsies in obese patients with metabolic dysfunction-associated steatotic liver disease,HumanLiver_S322,human liver tissue,no,Homo sapiens,Liver,,,Liver,explicit label: No Pathology,,,0,0.0,0.0,no,,,,,,,RNA-Seq,transcriptomic,cDNA,total RNA,,SRX26701095,,,https://www.ncbi.nlm.nih.gov/geo/query/acc.cgi?acc=GSM8630063,https://www.ncbi.nlm.nih.gov/geo/query/acc.cgi?acc=GSE281797,https://ftp.ncbi.nlm.nih.gov/geo/series/GSE281nnn/GSE281797/suppl/,,,,,,,41870035,Nov 13 2024,tissue: Liver || gender: Female || age at_biopsy: 51 || body mass_index: 48.048 || diabetes: 0 || steatosis grade: 0 || fibrosis grade: 0 || inflammation grade: 0 || ballooning grade: 0 || nafld activity_score: 0 || diagnosis: No Pathology
GSM8630064,GSE281797,case,primary,MASL,yes,counts,32,Male,43.333,0,2,0,Illumina NovaSeq 6000,Transcriptomic profiles of liver biopsies in obese patients with metabolic dysfunction-associated steatotic liver disease,HumanLiver_S323,human liver tissue,no,Homo sapiens,Liver,,,Liver,explicit label: MASL,,,2,0.0,0.0,no,,,,,,,RNA-Seq,transcriptomic,cDNA,total RNA,,SRX26701096,,,https://www.ncbi.nlm.nih.gov/geo/query/acc.cgi?acc=GSM8630064,https://www.ncbi.nlm.nih.gov/geo/query/acc.cgi?acc=GSE281797,https://ftp.ncbi.nlm.nih.gov/geo/series/GSE281nnn/GSE281797/suppl/,,,,,,,41870035,Nov 13 2024,tissue: Liver || gender: Male || age at_biopsy: 32 || body mass_index: 43.333 || diabetes: 0 || steatosis grade: 2 || fibrosis grade: 0 || inflammation grade: 0 || ballooning grade: 0 || nafld activity_score: 2 || diagnosis: MASL
GSM8630065,GSE281797,case,primary,MASH,yes,counts,36,Male,44.522,0,4,2,Illumina NovaSeq 6000,Transcriptomic profiles of liver biopsies in obese patients with metabolic dysfunction-associated steatotic liver disease,HumanLiver_S324,human liver tissue,no,Homo sapiens,Liver,,,Liver,explicit label: MASH,,,2,1.0,1.0,no,,,,,,,RNA-Seq,transcriptomic,cDNA,total RNA,,SRX26701097,,,https://www.ncbi.nlm.nih.gov/geo/query/acc.cgi?acc=GSM8630065,https://www.ncbi.nlm.nih.gov/geo/query/acc.cgi?acc=GSE281797,https://ftp.ncbi.nlm.nih.gov/geo/series/GSE281nnn/GSE281797/suppl/,,,,,,,41870035,Nov 13 2024,tissue: Liver || gender: Male || age at_biopsy: 36 || body mass_index: 44.522 || diabetes: 0 || steatosis grade: 2 || fibrosis grade: 2 || inflammation grade: 1 || ballooning grade: 1 || nafld activity_score: 4 || diagnosis: MASH
GSM8630066,GSE281797,case,primary,MASH,yes,counts,33,Female,39.560,0,4,0,Illumina NovaSeq 6000,Transcriptomic profiles of liver biopsies in obese patients with metabolic dysfunction-associated steatotic liver disease,HumanLiver_S325,human liver tissue,no,Homo sapiens,Liver,,,Liver,explicit label: MASH,,,2,1.0,1.0,no,,,,,,,RNA-Seq,transcriptomic,cDNA,total RNA,,SRX26701098,,,https://www.ncbi.nlm.nih.gov/geo/query/acc.cgi?acc=GSM8630066,https://www.ncbi.nlm.nih.gov/geo/query/acc.cgi?acc=GSE281797,https://ftp.ncbi.nlm.nih.gov/geo/series/GSE281nnn/GSE281797/suppl/,,,,,,,41870035,Nov 13 2024,tissue: Liver || gender: Female || age at_biopsy: 33 || body mass_index: 39.560 || diabetes: 0 || steatosis grade: 2 || fibrosis grade: 0 || inflammation grade: 1 || ballooning grade: 1 || nafld activity_score: 4 || diagnosis: MASH
GSM8630067,GSE281797,case,primary,MASH,yes,counts,56,Female,43.362,1,5,3,Illumina NovaSeq 6000,Transcriptomic profiles of liver biopsies in obese patients with metabolic dysfunction-associated steatotic liver disease,HumanLiver_S326,human liver tissue,no,Homo sapiens,Liver,,,Liver,explicit label: MASH,,,2,2.0,1.0,no,,,,,,,RNA-Seq,transcriptomic,cDNA,total RNA,,SRX26701099,,,https://www.ncbi.nlm.nih.gov/geo/query/acc.cgi?acc=GSM8630067,https://www.ncbi.nlm.nih.gov/geo/query/acc.cgi?acc=GSE281797,https://ftp.ncbi.nlm.nih.gov/geo/series/GSE281nnn/GSE281797/suppl/,,,,,,,41870035,Nov 13 2024,tissue: Liver || gender: Female || age at_biopsy: 56 || body mass_index: 43.362 || diabetes: 1 || steatosis grade: 2 || fibrosis grade: 3 || inflammation grade: 2 || ballooning grade: 1 || nafld activity_score: 5 || diagnosis: MASH
GSM8630068,GSE281797,case,primary,MASL,yes,counts,54,Male,41.881,1,2,2,Illumina NovaSeq 6000,Transcriptomic profiles of liver biopsies in obese patients with metabolic dysfunction-associated steatotic liver disease,HumanLiver_S328,human liver tissue,no,Homo sapiens,Liver,,,Liver,explicit label: MASL,,,1,1.0,0.0,no,,,,,,,RNA-Seq,transcriptomic,cDNA,total RNA,,SRX26701100,,,https://www.ncbi.nlm.nih.gov/geo/query/acc.cgi?acc=GSM8630068,https://www.ncbi.nlm.nih.gov/geo/query/acc.cgi?acc=GSE281797,https://ftp.ncbi.nlm.nih.gov/geo/series/GSE281nnn/GSE281797/suppl/,,,,,,,41870035,Nov 13 2024,tissue: Liver || gender: Male || age at_biopsy: 54 || body mass_index: 41.881 || diabetes: 1 || steatosis grade: 1 || fibrosis grade: 2 || inflammation grade: 1 || ballooning grade: 0 || nafld activity_score: 2 || diagnosis: MASL
GSM8630069,GSE281797,case,primary,MASL,yes,counts,43,Female,54.860,1,2,2,Illumina NovaSeq 6000,Transcriptomic profiles of liver biopsies in obese patients with metabolic dysfunction-associated steatotic liver disease,HumanLiver_S329,human liver tissue,no,Homo sapiens,Liver,,,Liver,explicit label: MASL,,,1,1.0,0.0,no,,,,,,,RNA-Seq,transcriptomic,cDNA,total RNA,,SRX26701101,,,https://www.ncbi.nlm.nih.gov/geo/query/acc.cgi?acc=GSM8630069,https://www.ncbi.nlm.nih.gov/geo/query/acc.cgi?acc=GSE281797,https://ftp.ncbi.nlm.nih.gov/geo/series/GSE281nnn/GSE281797/suppl/,,,,,,,41870035,Nov 13 2024,tissue: Liver || gender: Female || age at_biopsy: 43 || body mass_index: 54.860 || diabetes: 1 || steatosis grade: 1 || fibrosis grade: 2 || inflammation grade: 1 || ballooning grade: 0 || nafld activity_score: 2 || diagnosis: MASL
GSM8630070,GSE281797,control,primary,No Pathology,yes,counts,35,Female,51.563,0,0,0,Illumina NovaSeq 6000,Transcriptomic profiles of liver biopsies in obese patients with metabolic dysfunction-associated steatotic liver disease,HumanLiver_S330,human liver tissue,no,Homo sapiens,Liver,,,Liver,explicit label: No Pathology,,,0,0.0,0.0,no,,,,,,,RNA-Seq,transcriptomic,cDNA,total RNA,,SRX26701103,,,https://www.ncbi.nlm.nih.gov/geo/query/acc.cgi?acc=GSM8630070,https://www.ncbi.nlm.nih.gov/geo/query/acc.cgi?acc=GSE281797,https://ftp.ncbi.nlm.nih.gov/geo/series/GSE281nnn/GSE281797/suppl/,,,,,,,41870035,Nov 13 2024,tissue: Liver || gender: Female || age at_biopsy: 35 || body mass_index: 51.563 || diabetes: 0 || steatosis grade: 0 || fibrosis grade: 0 || inflammation grade: 0 || ballooning grade: 0 || nafld activity_score: 0 || diagnosis: No Pathology
GSM8630071,GSE281797,control,primary,No Pathology,yes,counts,35,Female,54.381,0,0,0,Illumina NovaSeq 6000,Transcriptomic profiles of liver biopsies in obese patients with metabolic dysfunction-associated steatotic liver disease,HumanLiver_S331,human liver tissue,no,Homo sapiens,Liver,,,Liver,explicit label: No Pathology,,,0,0.0,0.0,no,,,,,,,RNA-Seq,transcriptomic,cDNA,total RNA,,SRX26701104,,,https://www.ncbi.nlm.nih.gov/geo/query/acc.cgi?acc=GSM8630071,https://www.ncbi.nlm.nih.gov/geo/query/acc.cgi?acc=GSE281797,https://ftp.ncbi.nlm.nih.gov/geo/series/GSE281nnn/GSE281797/suppl/,,,,,,,41870035,Nov 13 2024,tissue: Liver || gender: Female || age at_biopsy: 35 || body mass_index: 54.381 || diabetes: 0 || steatosis grade: 0 || fibrosis grade: 0 || inflammation grade: 0 || ballooning grade: 0 || nafld activity_score: 0 || diagnosis: No Pathology
GSM8630072,GSE281797,case,primary,MASL,yes,counts,52,Female,35.894,0,4,1,Illumina NovaSeq 6000,Transcriptomic profiles of liver biopsies in obese patients with metabolic dysfunction-associated steatotic liver disease,HumanLiver_S332,human liver tissue,no,Homo sapiens,Liver,,,Liver,explicit label: MASL,,,3,1.0,0.0,no,,,,,,,RNA-Seq,transcriptomic,cDNA,total RNA,,SRX26701105,,,https://www.ncbi.nlm.nih.gov/geo/query/acc.cgi?acc=GSM8630072,https://www.ncbi.nlm.nih.gov/geo/query/acc.cgi?acc=GSE281797,https://ftp.ncbi.nlm.nih.gov/geo/series/GSE281nnn/GSE281797/suppl/,,,,,,,41870035,Nov 13 2024,tissue: Liver || gender: Female || age at_biopsy: 52 || body mass_index: 35.894 || diabetes: 0 || steatosis grade: 3 || fibrosis grade: 1 || inflammation grade: 1 || ballooning grade: 0 || nafld activity_score: 4 || diagnosis: MASL
GSM8630073,GSE281797,control,primary,No Pathology,yes,counts,32,Female,35.003,0,0,0,Illumina NovaSeq 6000,Transcriptomic profiles of liver biopsies in obese patients with metabolic dysfunction-associated steatotic liver disease,HumanLiver_S333,human liver tissue,no,Homo sapiens,Liver,,,Liver,explicit label: No Pathology,,,0,0.0,0.0,no,,,,,,,RNA-Seq,transcriptomic,cDNA,total RNA,,SRX26701106,,,https://www.ncbi.nlm.nih.gov/geo/query/acc.cgi?acc=GSM8630073,https://www.ncbi.nlm.nih.gov/geo/query/acc.cgi?acc=GSE281797,https://ftp.ncbi.nlm.nih.gov/geo/series/GSE281nnn/GSE281797/suppl/,,,,,,,41870035,Nov 13 2024,tissue: Liver || gender: Female || age at_biopsy: 32 || body mass_index: 35.003 || diabetes: 0 || steatosis grade: 0 || fibrosis grade: 0 || inflammation grade: 0 || ballooning grade: 0 || nafld activity_score: 0 || diagnosis: No Pathology
GSM8630074,GSE281797,case,primary,MASL,yes,counts,31,Female,46.777,0,3,1,Illumina NovaSeq 6000,Transcriptomic profiles of liver biopsies in obese patients with metabolic dysfunction-associated steatotic liver disease,HumanLiver_S334,human liver tissue,no,Homo sapiens,Liver,,,Liver,explicit label: MASL,,,2,1.0,0.0,no,,,,,,,RNA-Seq,transcriptomic,cDNA,total RNA,,SRX26701107,,,https://www.ncbi.nlm.nih.gov/geo/query/acc.cgi?acc=GSM8630074,https://www.ncbi.nlm.nih.gov/geo/query/acc.cgi?acc=GSE281797,https://ftp.ncbi.nlm.nih.gov/geo/series/GSE281nnn/GSE281797/suppl/,,,,,,,41870035,Nov 13 2024,tissue: Liver || gender: Female || age at_biopsy: 31 || body mass_index: 46.777 || diabetes: 0 || steatosis grade: 2 || fibrosis grade: 1 || inflammation grade: 1 || ballooning grade: 0 || nafld activity_score: 3 || diagnosis: MASL
GSM8630075,GSE281797,case,primary,MASL,yes,counts,26,Male,54.039,0,2,1,Illumina NovaSeq 6000,Transcriptomic profiles of liver biopsies in obese patients with metabolic dysfunction-associated steatotic liver disease,HumanLiver_S336,human liver tissue,no,Homo sapiens,Liver,,,Liver,explicit label: MASL,,,1,1.0,0.0,no,,,,,,,RNA-Seq,transcriptomic,cDNA,total RNA,,SRX26701108,,,https://www.ncbi.nlm.nih.gov/geo/query/acc.cgi?acc=GSM8630075,https://www.ncbi.nlm.nih.gov/geo/query/acc.cgi?acc=GSE281797,https://ftp.ncbi.nlm.nih.gov/geo/series/GSE281nnn/GSE281797/suppl/,,,,,,,41870035,Nov 13 2024,tissue: Liver || gender: Male || age at_biopsy: 26 || body mass_index: 54.039 || diabetes: 0 || steatosis grade: 1 || fibrosis grade: 1 || inflammation grade: 1 || ballooning grade: 0 || nafld activity_score: 2 || diagnosis: MASL
GSM8630076,GSE281797,control,primary,No Pathology,yes,counts,34,Female,46.702,0,1,1,Illumina NovaSeq 6000,Transcriptomic profiles of liver biopsies in obese patients with metabolic dysfunction-associated steatotic liver disease,HumanLiver_S337,human liver tissue,no,Homo sapiens,Liver,,,Liver,explicit label: No Pathology,,,0,1.0,0.0,no,,,,,,,RNA-Seq,transcriptomic,cDNA,total RNA,,SRX26701109,,,https://www.ncbi.nlm.nih.gov/geo/query/acc.cgi?acc=GSM8630076,https://www.ncbi.nlm.nih.gov/geo/query/acc.cgi?acc=GSE281797,https://ftp.ncbi.nlm.nih.gov/geo/series/GSE281nnn/GSE281797/suppl/,,,,,,,41870035,Nov 13 2024,tissue: Liver || gender: Female || age at_biopsy: 34 || body mass_index: 46.702 || diabetes: 0 || steatosis grade: 0 || fibrosis grade: 1 || inflammation grade: 1 || ballooning grade: 0 || nafld activity_score: 1 || diagnosis: No Pathology
GSM8630077,GSE281797,control,primary,No Pathology,yes,counts,20,Female,43.150,0,1,0,Illumina NovaSeq 6000,Transcriptomic profiles of liver biopsies in obese patients with metabolic dysfunction-associated steatotic liver disease,HumanLiver_S338,human liver tissue,no,Homo sapiens,Liver,,,Liver,explicit label: No Pathology,,,0,1.0,0.0,no,,,,,,,RNA-Seq,transcriptomic,cDNA,total RNA,,SRX26701110,,,https://www.ncbi.nlm.nih.gov/geo/query/acc.cgi?acc=GSM8630077,https://www.ncbi.nlm.nih.gov/geo/query/acc.cgi?acc=GSE281797,https://ftp.ncbi.nlm.nih.gov/geo/series/GSE281nnn/GSE281797/suppl/,,,,,,,41870035,Nov 13 2024,tissue: Liver || gender: Female || age at_biopsy: 20 || body mass_index: 43.150 || diabetes: 0 || steatosis grade: 0 || fibrosis grade: 0 || inflammation grade: 1 || ballooning grade: 0 || nafld activity_score: 1 || diagnosis: No Pathology
GSM8630078,GSE281797,case,primary,MASL,yes,counts,45,Female,39.654,0,2,0,Illumina NovaSeq 6000,Transcriptomic profiles of liver biopsies in obese patients with metabolic dysfunction-associated steatotic liver disease,HumanLiver_S340,human liver tissue,no,Homo sapiens,Liver,,,Liver,explicit label: MASL,,,1,1.0,0.0,no,,,,,,,RNA-Seq,transcriptomic,cDNA,total RNA,,SRX26701111,,,https://www.ncbi.nlm.nih.gov/geo/query/acc.cgi?acc=GSM8630078,https://www.ncbi.nlm.nih.gov/geo/query/acc.cgi?acc=GSE281797,https://ftp.ncbi.nlm.nih.gov/geo/series/GSE281nnn/GSE281797/suppl/,,,,,,,41870035,Nov 13 2024,tissue: Liver || gender: Female || age at_biopsy: 45 || body mass_index: 39.654 || diabetes: 0 || steatosis grade: 1 || fibrosis grade: 0 || inflammation grade: 1 || ballooning grade: 0 || nafld activity_score: 2 || diagnosis: MASL
GSM8630079,GSE281797,case,primary,MASL,yes,counts,50,Female,39.728,0,4,1,Illumina NovaSeq 6000,Transcriptomic profiles of liver biopsies in obese patients with metabolic dysfunction-associated steatotic liver disease,HumanLiver_S341,human liver tissue,no,Homo sapiens,Liver,,,Liver,explicit label: MASL,,,3,1.0,0.0,no,,,,,,,RNA-Seq,transcriptomic,cDNA,total RNA,,SRX26701112,,,https://www.ncbi.nlm.nih.gov/geo/query/acc.cgi?acc=GSM8630079,https://www.ncbi.nlm.nih.gov/geo/query/acc.cgi?acc=GSE281797,https://ftp.ncbi.nlm.nih.gov/geo/series/GSE281nnn/GSE281797/suppl/,,,,,,,41870035,Nov 13 2024,tissue: Liver || gender: Female || age at_biopsy: 50 || body mass_index: 39.728 || diabetes: 0 || steatosis grade: 3 || fibrosis grade: 1 || inflammation grade: 1 || ballooning grade: 0 || nafld activity_score: 4 || diagnosis: MASL
GSM8630080,GSE281797,control,primary,No Pathology,yes,counts,36,Female,41.840,0,0,1,Illumina NovaSeq 6000,Transcriptomic profiles of liver biopsies in obese patients with metabolic dysfunction-associated steatotic liver disease,HumanLiver_S342,human liver tissue,no,Homo sapiens,Liver,,,Liver,explicit label: No Pathology,,,0,0.0,0.0,no,,,,,,,RNA-Seq,transcriptomic,cDNA,total RNA,,SRX26701114,,,https://www.ncbi.nlm.nih.gov/geo/query/acc.cgi?acc=GSM8630080,https://www.ncbi.nlm.nih.gov/geo/query/acc.cgi?acc=GSE281797,https://ftp.ncbi.nlm.nih.gov/geo/series/GSE281nnn/GSE281797/suppl/,,,,,,,41870035,Nov 13 2024,tissue: Liver || gender: Female || age at_biopsy: 36 || body mass_index: 41.840 || diabetes: 0 || steatosis grade: 0 || fibrosis grade: 1 || inflammation grade: 0 || ballooning grade: 0 || nafld activity_score: 0 || diagnosis: No Pathology
GSM8630081,GSE281797,case,primary,MASH,yes,counts,53,Male,34.987,0,4,3,Illumina NovaSeq 6000,Transcriptomic profiles of liver biopsies in obese patients with metabolic dysfunction-associated steatotic liver disease,HumanLiver_S343,human liver tissue,no,Homo sapiens,Liver,,,Liver,explicit label: MASH,,,2,1.0,1.0,no,,,,,,,RNA-Seq,transcriptomic,cDNA,total RNA,,SRX26701115,,,https://www.ncbi.nlm.nih.gov/geo/query/acc.cgi?acc=GSM8630081,https://www.ncbi.nlm.nih.gov/geo/query/acc.cgi?acc=GSE281797,https://ftp.ncbi.nlm.nih.gov/geo/series/GSE281nnn/GSE281797/suppl/,,,,,,,41870035,Nov 13 2024,tissue: Liver || gender: Male || age at_biopsy: 53 || body mass_index: 34.987 || diabetes: 0 || steatosis grade: 2 || fibrosis grade: 3 || inflammation grade: 1 || ballooning grade: 1 || nafld activity_score: 4 || diagnosis: MASH
GSM8630082,GSE281797,case,primary,MASL,yes,counts,29,Female,35.927,0,2,0,Illumina NovaSeq 6000,Transcriptomic profiles of liver biopsies in obese patients with metabolic dysfunction-associated steatotic liver disease,HumanLiver_S344,human liver tissue,no,Homo sapiens,Liver,,,Liver,explicit label: MASL,,,1,1.0,0.0,no,,,,,,,RNA-Seq,transcriptomic,cDNA,total RNA,,SRX26701116,,,https://www.ncbi.nlm.nih.gov/geo/query/acc.cgi?acc=GSM8630082,https://www.ncbi.nlm.nih.gov/geo/query/acc.cgi?acc=GSE281797,https://ftp.ncbi.nlm.nih.gov/geo/series/GSE281nnn/GSE281797/suppl/,,,,,,,41870035,Nov 13 2024,tissue: Liver || gender: Female || age at_biopsy: 29 || body mass_index: 35.927 || diabetes: 0 || steatosis grade: 1 || fibrosis grade: 0 || inflammation grade: 1 || ballooning grade: 0 || nafld activity_score: 2 || diagnosis: MASL
GSM8630083,GSE281797,control,primary,No Pathology,yes,counts,34,Female,47.266,0,0,0,Illumina NovaSeq 6000,Transcriptomic profiles of liver biopsies in obese patients with metabolic dysfunction-associated steatotic liver disease,HumanLiver_S345,human liver tissue,no,Homo sapiens,Liver,,,Liver,explicit label: No Pathology,,,0,0.0,0.0,no,,,,,,,RNA-Seq,transcriptomic,cDNA,total RNA,,SRX26701117,,,https://www.ncbi.nlm.nih.gov/geo/query/acc.cgi?acc=GSM8630083,https://www.ncbi.nlm.nih.gov/geo/query/acc.cgi?acc=GSE281797,https://ftp.ncbi.nlm.nih.gov/geo/series/GSE281nnn/GSE281797/suppl/,,,,,,,41870035,Nov 13 2024,tissue: Liver || gender: Female || age at_biopsy: 34 || body mass_index: 47.266 || diabetes: 0 || steatosis grade: 0 || fibrosis grade: 0 || inflammation grade: 0 || ballooning grade: 0 || nafld activity_score: 0 || diagnosis: No Pathology
GSM8630084,GSE281797,case,primary,MASL,yes,counts,48,Female,48.227,0,1,0,Illumina NovaSeq 6000,Transcriptomic profiles of liver biopsies in obese patients with metabolic dysfunction-associated steatotic liver disease,HumanLiver_S347,human liver tissue,no,Homo sapiens,Liver,,,Liver,explicit label: MASL,,,1,0.0,0.0,no,,,,,,,RNA-Seq,transcriptomic,cDNA,total RNA,,SRX26701146,,,https://www.ncbi.nlm.nih.gov/geo/query/acc.cgi?acc=GSM8630084,https://www.ncbi.nlm.nih.gov/geo/query/acc.cgi?acc=GSE281797,https://ftp.ncbi.nlm.nih.gov/geo/series/GSE281nnn/GSE281797/suppl/,,,,,,,41870035,Nov 13 2024,tissue: Liver || gender: Female || age at_biopsy: 48 || body mass_index: 48.227 || diabetes: 0 || steatosis grade: 1 || fibrosis grade: 0 || inflammation grade: 0 || ballooning grade: 0 || nafld activity_score: 1 || diagnosis: MASL
GSM8630085,GSE281797,case,primary,MASL,yes,counts,28,Female,35.538,0,1,0,Illumina NovaSeq 6000,Transcriptomic profiles of liver biopsies in obese patients with metabolic dysfunction-associated steatotic liver disease,HumanLiver_S348,human liver tissue,no,Homo sapiens,Liver,,,Liver,explicit label: MASL,,,1,0.0,0.0,no,,,,,,,RNA-Seq,transcriptomic,cDNA,total RNA,,SRX26701147,,,https://www.ncbi.nlm.nih.gov/geo/query/acc.cgi?acc=GSM8630085,https://www.ncbi.nlm.nih.gov/geo/query/acc.cgi?acc=GSE281797,https://ftp.ncbi.nlm.nih.gov/geo/series/GSE281nnn/GSE281797/suppl/,,,,,,,41870035,Nov 13 2024,tissue: Liver || gender: Female || age at_biopsy: 28 || body mass_index: 35.538 || diabetes: 0 || steatosis grade: 1 || fibrosis grade: 0 || inflammation grade: 0 || ballooning grade: 0 || nafld activity_score: 1 || diagnosis: MASL
GSM8630086,GSE281797,control,primary,No Pathology,yes,counts,32,Male,35.432,0,0,0,Illumina NovaSeq 6000,Transcriptomic profiles of liver biopsies in obese patients with metabolic dysfunction-associated steatotic liver disease,HumanLiver_S349,human liver tissue,no,Homo sapiens,Liver,,,Liver,explicit label: No Pathology,,,0,0.0,0.0,no,,,,,,,RNA-Seq,transcriptomic,cDNA,total RNA,,SRX26701148,,,https://www.ncbi.nlm.nih.gov/geo/query/acc.cgi?acc=GSM8630086,https://www.ncbi.nlm.nih.gov/geo/query/acc.cgi?acc=GSE281797,https://ftp.ncbi.nlm.nih.gov/geo/series/GSE281nnn/GSE281797/suppl/,,,,,,,41870035,Nov 13 2024,tissue: Liver || gender: Male || age at_biopsy: 32 || body mass_index: 35.432 || diabetes: 0 || steatosis grade: 0 || fibrosis grade: 0 || inflammation grade: 0 || ballooning grade: 0 || nafld activity_score: 0 || diagnosis: No Pathology
GSM8630087,GSE281797,case,primary,MASH,yes,counts,43,Female,49.354,0,4,2,Illumina NovaSeq 6000,Transcriptomic profiles of liver biopsies in obese patients with metabolic dysfunction-associated steatotic liver disease,HumanLiver_S351,human liver tissue,no,Homo sapiens,Liver,,,Liver,explicit label: MASH,,,1,2.0,1.0,no,,,,,,,RNA-Seq,transcriptomic,cDNA,total RNA,,SRX26701149,,,https://www.ncbi.nlm.nih.gov/geo/query/acc.cgi?acc=GSM8630087,https://www.ncbi.nlm.nih.gov/geo/query/acc.cgi?acc=GSE281797,https://ftp.ncbi.nlm.nih.gov/geo/series/GSE281nnn/GSE281797/suppl/,,,,,,,41870035,Nov 13 2024,tissue: Liver || gender: Female || age at_biopsy: 43 || body mass_index: 49.354 || diabetes: 0 || steatosis grade: 1 || fibrosis grade: 2 || inflammation grade: 2 || ballooning grade: 1 || nafld activity_score: 4 || diagnosis: MASH
GSM8630088,GSE281797,case,primary,MASH,yes,counts,31,Male,49.062,0,4,2,Illumina NovaSeq 6000,Transcriptomic profiles of liver biopsies in obese patients with metabolic dysfunction-associated steatotic liver disease,HumanLiver_S352,human liver tissue,no,Homo sapiens,Liver,,,Liver,explicit label: MASH,,,2,1.0,1.0,no,,,,,,,RNA-Seq,transcriptomic,cDNA,total RNA,,SRX26701150,,,https://www.ncbi.nlm.nih.gov/geo/query/acc.cgi?acc=GSM8630088,https://www.ncbi.nlm.nih.gov/geo/query/acc.cgi?acc=GSE281797,https://ftp.ncbi.nlm.nih.gov/geo/series/GSE281nnn/GSE281797/suppl/,,,,,,,41870035,Nov 13 2024,tissue: Liver || gender: Male || age at_biopsy: 31 || body mass_index: 49.062 || diabetes: 0 || steatosis grade: 2 || fibrosis grade: 2 || inflammation grade: 1 || ballooning grade: 1 || nafld activity_score: 4 || diagnosis: MASH
GSM8630089,GSE281797,case,primary,MASL,yes,counts,31,Female,52.243,0,3,2,Illumina NovaSeq 6000,Transcriptomic profiles of liver biopsies in obese patients with metabolic dysfunction-associated steatotic liver disease,HumanLiver_S353,human liver tissue,no,Homo sapiens,Liver,,,Liver,explicit label: MASL,,,1,2.0,0.0,no,,,,,,,RNA-Seq,transcriptomic,cDNA,total RNA,,SRX26701151,,,https://www.ncbi.nlm.nih.gov/geo/query/acc.cgi?acc=GSM8630089,https://www.ncbi.nlm.nih.gov/geo/query/acc.cgi?acc=GSE281797,https://ftp.ncbi.nlm.nih.gov/geo/series/GSE281nnn/GSE281797/suppl/,,,,,,,41870035,Nov 13 2024,tissue: Liver || gender: Female || age at_biopsy: 31 || body mass_index: 52.243 || diabetes: 0 || steatosis grade: 1 || fibrosis grade: 2 || inflammation grade: 2 || ballooning grade: 0 || nafld activity_score: 3 || diagnosis: MASL
GSM8630090,GSE281797,case,primary,MASL,yes,counts,37,Male,38.368,0,2,1,Illumina NovaSeq 6000,Transcriptomic profiles of liver biopsies in obese patients with metabolic dysfunction-associated steatotic liver disease,HumanLiver_S354,human liver tissue,no,Homo sapiens,Liver,,,Liver,explicit label: MASL,,,1,1.0,0.0,no,,,,,,,RNA-Seq,transcriptomic,cDNA,total RNA,,SRX26701153,,,https://www.ncbi.nlm.nih.gov/geo/query/acc.cgi?acc=GSM8630090,https://www.ncbi.nlm.nih.gov/geo/query/acc.cgi?acc=GSE281797,https://ftp.ncbi.nlm.nih.gov/geo/series/GSE281nnn/GSE281797/suppl/,,,,,,,41870035,Nov 13 2024,tissue: Liver || gender: Male || age at_biopsy: 37 || body mass_index: 38.368 || diabetes: 0 || steatosis grade: 1 || fibrosis grade: 1 || inflammation grade: 1 || ballooning grade: 0 || nafld activity_score: 2 || diagnosis: MASL
GSM8630091,GSE281797,control,primary,No Pathology,yes,counts,35,Female,36.357,0,0,0,Illumina NovaSeq 6000,Transcriptomic profiles of liver biopsies in obese patients with metabolic dysfunction-associated steatotic liver disease,HumanLiver_S355,human liver tissue,no,Homo sapiens,Liver,,,Liver,explicit label: No Pathology,,,0,0.0,0.0,no,,,,,,,RNA-Seq,transcriptomic,cDNA,total RNA,,SRX26701154,,,https://www.ncbi.nlm.nih.gov/geo/query/acc.cgi?acc=GSM8630091,https://www.ncbi.nlm.nih.gov/geo/query/acc.cgi?acc=GSE281797,https://ftp.ncbi.nlm.nih.gov/geo/series/GSE281nnn/GSE281797/suppl/,,,,,,,41870035,Nov 13 2024,tissue: Liver || gender: Female || age at_biopsy: 35 || body mass_index: 36.357 || diabetes: 0 || steatosis grade: 0 || fibrosis grade: 0 || inflammation grade: 0 || ballooning grade: 0 || nafld activity_score: 0 || diagnosis: No Pathology
GSM8630092,GSE281797,control,primary,No Pathology,yes,counts,59,Male,36.767,0,0,0,Illumina NovaSeq 6000,Transcriptomic profiles of liver biopsies in obese patients with metabolic dysfunction-associated steatotic liver disease,HumanLiver_S356,human liver tissue,no,Homo sapiens,Liver,,,Liver,explicit label: No Pathology,,,0,0.0,0.0,no,,,,,,,RNA-Seq,transcriptomic,cDNA,total RNA,,SRX26701155,,,https://www.ncbi.nlm.nih.gov/geo/query/acc.cgi?acc=GSM8630092,https://www.ncbi.nlm.nih.gov/geo/query/acc.cgi?acc=GSE281797,https://ftp.ncbi.nlm.nih.gov/geo/series/GSE281nnn/GSE281797/suppl/,,,,,,,41870035,Nov 13 2024,tissue: Liver || gender: Male || age at_biopsy: 59 || body mass_index: 36.767 || diabetes: 0 || steatosis grade: 0 || fibrosis grade: 0 || inflammation grade: 0 || ballooning grade: 0 || nafld activity_score: 0 || diagnosis: No Pathology
GSM8630093,GSE281797,case,primary,MASL,yes,counts,34,Male,48.753,0,2,1,Illumina NovaSeq 6000,Transcriptomic profiles of liver biopsies in obese patients with metabolic dysfunction-associated steatotic liver disease,HumanLiver_S358,human liver tissue,no,Homo sapiens,Liver,,,Liver,explicit label: MASL,,,1,1.0,0.0,no,,,,,,,RNA-Seq,transcriptomic,cDNA,total RNA,,SRX26701156,,,https://www.ncbi.nlm.nih.gov/geo/query/acc.cgi?acc=GSM8630093,https://www.ncbi.nlm.nih.gov/geo/query/acc.cgi?acc=GSE281797,https://ftp.ncbi.nlm.nih.gov/geo/series/GSE281nnn/GSE281797/suppl/,,,,,,,41870035,Nov 13 2024,tissue: Liver || gender: Male || age at_biopsy: 34 || body mass_index: 48.753 || diabetes: 0 || steatosis grade: 1 || fibrosis grade: 1 || inflammation grade: 1 || ballooning grade: 0 || nafld activity_score: 2 || diagnosis: MASL
GSM8630094,GSE281797,case,primary,MASL,yes,counts,33,Female,37.290,0,2,1,Illumina NovaSeq 6000,Transcriptomic profiles of liver biopsies in obese patients with metabolic dysfunction-associated steatotic liver disease,HumanLiver_S359,human liver tissue,no,Homo sapiens,Liver,,,Liver,explicit label: MASL,,,1,1.0,0.0,no,,,,,,,RNA-Seq,transcriptomic,cDNA,total RNA,,SRX26701157,,,https://www.ncbi.nlm.nih.gov/geo/query/acc.cgi?acc=GSM8630094,https://www.ncbi.nlm.nih.gov/geo/query/acc.cgi?acc=GSE281797,https://ftp.ncbi.nlm.nih.gov/geo/series/GSE281nnn/GSE281797/suppl/,,,,,,,41870035,Nov 13 2024,tissue: Liver || gender: Female || age at_biopsy: 33 || body mass_index: 37.290 || diabetes: 0 || steatosis grade: 1 || fibrosis grade: 1 || inflammation grade: 1 || ballooning grade: 0 || nafld activity_score: 2 || diagnosis: MASL
GSM8630095,GSE281797,case,primary,MASL,yes,counts,46,Female,47.345,1,3,2,Illumina NovaSeq 6000,Transcriptomic profiles of liver biopsies in obese patients with metabolic dysfunction-associated steatotic liver disease,HumanLiver_S361,human liver tissue,no,Homo sapiens,Liver,,,Liver,explicit label: MASL,,,2,1.0,0.0,no,,,,,,,RNA-Seq,transcriptomic,cDNA,total RNA,,SRX26701158,,,https://www.ncbi.nlm.nih.gov/geo/query/acc.cgi?acc=GSM8630095,https://www.ncbi.nlm.nih.gov/geo/query/acc.cgi?acc=GSE281797,https://ftp.ncbi.nlm.nih.gov/geo/series/GSE281nnn/GSE281797/suppl/,,,,,,,41870035,Nov 13 2024,tissue: Liver || gender: Female || age at_biopsy: 46 || body mass_index: 47.345 || diabetes: 1 || steatosis grade: 2 || fibrosis grade: 2 || inflammation grade: 1 || ballooning grade: 0 || nafld activity_score: 3 || diagnosis: MASL
GSM8630096,GSE281797,case,primary,MASL,yes,counts,45,Male,44.658,0,3,2,Illumina NovaSeq 6000,Transcriptomic profiles of liver biopsies in obese patients with metabolic dysfunction-associated steatotic liver disease,HumanLiver_S362,human liver tissue,no,Homo sapiens,Liver,,,Liver,explicit label: MASL,,,2,1.0,0.0,no,,,,,,,RNA-Seq,transcriptomic,cDNA,total RNA,,SRX26701159,,,https://www.ncbi.nlm.nih.gov/geo/query/acc.cgi?acc=GSM8630096,https://www.ncbi.nlm.nih.gov/geo/query/acc.cgi?acc=GSE281797,https://ftp.ncbi.nlm.nih.gov/geo/series/GSE281nnn/GSE281797/suppl/,,,,,,,41870035,Nov 13 2024,tissue: Liver || gender: Male || age at_biopsy: 45 || body mass_index: 44.658 || diabetes: 0 || steatosis grade: 2 || fibrosis grade: 2 || inflammation grade: 1 || ballooning grade: 0 || nafld activity_score: 3 || diagnosis: MASL
GSM8630097,GSE281797,control,primary,No Pathology,yes,counts,40,Female,38.710,0,0,1,Illumina NovaSeq 6000,Transcriptomic profiles of liver biopsies in obese patients with metabolic dysfunction-associated steatotic liver disease,HumanLiver_S363,human liver tissue,no,Homo sapiens,Liver,,,Liver,explicit label: No Pathology,,,0,0.0,0.0,no,,,,,,,RNA-Seq,transcriptomic,cDNA,total RNA,,SRX26701160,,,https://www.ncbi.nlm.nih.gov/geo/query/acc.cgi?acc=GSM8630097,https://www.ncbi.nlm.nih.gov/geo/query/acc.cgi?acc=GSE281797,https://ftp.ncbi.nlm.nih.gov/geo/series/GSE281nnn/GSE281797/suppl/,,,,,,,41870035,Nov 13 2024,tissue: Liver || gender: Female || age at_biopsy: 40 || body mass_index: 38.710 || diabetes: 0 || steatosis grade: 0 || fibrosis grade: 1 || inflammation grade: 0 || ballooning grade: 0 || nafld activity_score: 0 || diagnosis: No Pathology
GSM8630098,GSE281797,case,primary,MASL,yes,counts,44,Male,42.988,1,3,2,Illumina NovaSeq 6000,Transcriptomic profiles of liver biopsies in obese patients with metabolic dysfunction-associated steatotic liver disease,HumanLiver_S364,human liver tissue,no,Homo sapiens,Liver,,,Liver,explicit label: MASL,,,2,1.0,0.0,no,,,,,,,RNA-Seq,transcriptomic,cDNA,total RNA,,SRX26701161,,,https://www.ncbi.nlm.nih.gov/geo/query/acc.cgi?acc=GSM8630098,https://www.ncbi.nlm.nih.gov/geo/query/acc.cgi?acc=GSE281797,https://ftp.ncbi.nlm.nih.gov/geo/series/GSE281nnn/GSE281797/suppl/,,,,,,,41870035,Nov 13 2024,tissue: Liver || gender: Male || age at_biopsy: 44 || body mass_index: 42.988 || diabetes: 1 || steatosis grade: 2 || fibrosis grade: 2 || inflammation grade: 1 || ballooning grade: 0 || nafld activity_score: 3 || diagnosis: MASL
GSM8630099,GSE281797,case,primary,MASL,yes,counts,38,Female,51.717,0,2,0,Illumina NovaSeq 6000,Transcriptomic profiles of liver biopsies in obese patients with metabolic dysfunction-associated steatotic liver disease,HumanLiver_S365,human liver tissue,no,Homo sapiens,Liver,,,Liver,explicit label: MASL,,,1,1.0,0.0,no,,,,,,,RNA-Seq,transcriptomic,cDNA,total RNA,,SRX26701162,,,https://www.ncbi.nlm.nih.gov/geo/query/acc.cgi?acc=GSM8630099,https://www.ncbi.nlm.nih.gov/geo/query/acc.cgi?acc=GSE281797,https://ftp.ncbi.nlm.nih.gov/geo/series/GSE281nnn/GSE281797/suppl/,,,,,,,41870035,Nov 13 2024,tissue: Liver || gender: Female || age at_biopsy: 38 || body mass_index: 51.717 || diabetes: 0 || steatosis grade: 1 || fibrosis grade: 0 || inflammation grade: 1 || ballooning grade: 0 || nafld activity_score: 2 || diagnosis: MASL
GSM8630100,GSE281797,case,primary,MASL,yes,counts,43,Female,39.476,0,3,0,Illumina NovaSeq 6000,Transcriptomic profiles of liver biopsies in obese patients with metabolic dysfunction-associated steatotic liver disease,HumanLiver_S366,human liver tissue,no,Homo sapiens,Liver,,,Liver,explicit label: MASL,,,2,1.0,0.0,no,,,,,,,RNA-Seq,transcriptomic,cDNA,total RNA,,SRX26701164,,,https://www.ncbi.nlm.nih.gov/geo/query/acc.cgi?acc=GSM8630100,https://www.ncbi.nlm.nih.gov/geo/query/acc.cgi?acc=GSE281797,https://ftp.ncbi.nlm.nih.gov/geo/series/GSE281nnn/GSE281797/suppl/,,,,,,,41870035,Nov 13 2024,tissue: Liver || gender: Female || age at_biopsy: 43 || body mass_index: 39.476 || diabetes: 0 || steatosis grade: 2 || fibrosis grade: 0 || inflammation grade: 1 || ballooning grade: 0 || nafld activity_score: 3 || diagnosis: MASL
GSM8630101,GSE281797,control,primary,No Pathology,yes,counts,51,Female,33.609,0,0,0,Illumina NovaSeq 6000,Transcriptomic profiles of liver biopsies in obese patients with metabolic dysfunction-associated steatotic liver disease,HumanLiver_S367,human liver tissue,no,Homo sapiens,Liver,,,Liver,explicit label: No Pathology,,,0,0.0,0.0,no,,,,,,,RNA-Seq,transcriptomic,cDNA,total RNA,,SRX26701165,,,https://www.ncbi.nlm.nih.gov/geo/query/acc.cgi?acc=GSM8630101,https://www.ncbi.nlm.nih.gov/geo/query/acc.cgi?acc=GSE281797,https://ftp.ncbi.nlm.nih.gov/geo/series/GSE281nnn/GSE281797/suppl/,,,,,,,41870035,Nov 13 2024,tissue: Liver || gender: Female || age at_biopsy: 51 || body mass_index: 33.609 || diabetes: 0 || steatosis grade: 0 || fibrosis grade: 0 || inflammation grade: 0 || ballooning grade: 0 || nafld activity_score: 0 || diagnosis: No Pathology
GSM8630102,GSE281797,control,primary,No Pathology,yes,counts,46,Female,38.028,0,1,0,Illumina NovaSeq 6000,Transcriptomic profiles of liver biopsies in obese patients with metabolic dysfunction-associated steatotic liver disease,HumanLiver_S368,human liver tissue,no,Homo sapiens,Liver,,,Liver,explicit label: No Pathology,,,0,1.0,0.0,no,,,,,,,RNA-Seq,transcriptomic,cDNA,total RNA,,SRX26701166,,,https://www.ncbi.nlm.nih.gov/geo/query/acc.cgi?acc=GSM8630102,https://www.ncbi.nlm.nih.gov/geo/query/acc.cgi?acc=GSE281797,https://ftp.ncbi.nlm.nih.gov/geo/series/GSE281nnn/GSE281797/suppl/,,,,,,,41870035,Nov 13 2024,tissue: Liver || gender: Female || age at_biopsy: 46 || body mass_index: 38.028 || diabetes: 0 || steatosis grade: 0 || fibrosis grade: 0 || inflammation grade: 1 || ballooning grade: 0 || nafld activity_score: 1 || diagnosis: No Pathology
GSM8630103,GSE281797,control,primary,No Pathology,yes,counts,49,Female,42.813,0,0,0,Illumina NovaSeq 6000,Transcriptomic profiles of liver biopsies in obese patients with metabolic dysfunction-associated steatotic liver disease,HumanLiver_S369,human liver tissue,no,Homo sapiens,Liver,,,Liver,explicit label: No Pathology,,,0,0.0,0.0,no,,,,,,,RNA-Seq,transcriptomic,cDNA,total RNA,,SRX26701167,,,https://www.ncbi.nlm.nih.gov/geo/query/acc.cgi?acc=GSM8630103,https://www.ncbi.nlm.nih.gov/geo/query/acc.cgi?acc=GSE281797,https://ftp.ncbi.nlm.nih.gov/geo/series/GSE281nnn/GSE281797/suppl/,,,,,,,41870035,Nov 13 2024,tissue: Liver || gender: Female || age at_biopsy: 49 || body mass_index: 42.813 || diabetes: 0 || steatosis grade: 0 || fibrosis grade: 0 || inflammation grade: 0 || ballooning grade: 0 || nafld activity_score: 0 || diagnosis: No Pathology
GSM8630104,GSE281797,case,primary,MASL,yes,counts,39,Female,56.248,0,3,1,Illumina NovaSeq 6000,Transcriptomic profiles of liver biopsies in obese patients with metabolic dysfunction-associated steatotic liver disease,HumanLiver_S370,human liver tissue,no,Homo sapiens,Liver,,,Liver,explicit label: MASL,,,2,1.0,0.0,no,,,,,,,RNA-Seq,transcriptomic,cDNA,total RNA,,SRX26701168,,,https://www.ncbi.nlm.nih.gov/geo/query/acc.cgi?acc=GSM8630104,https://www.ncbi.nlm.nih.gov/geo/query/acc.cgi?acc=GSE281797,https://ftp.ncbi.nlm.nih.gov/geo/series/GSE281nnn/GSE281797/suppl/,,,,,,,41870035,Nov 13 2024,tissue: Liver || gender: Female || age at_biopsy: 39 || body mass_index: 56.248 || diabetes: 0 || steatosis grade: 2 || fibrosis grade: 1 || inflammation grade: 1 || ballooning grade: 0 || nafld activity_score: 3 || diagnosis: MASL
GSM8630105,GSE281797,case,primary,MASL,yes,counts,41,Female,54.643,0,2,2,Illumina NovaSeq 6000,Transcriptomic profiles of liver biopsies in obese patients with metabolic dysfunction-associated steatotic liver disease,HumanLiver_S371,human liver tissue,no,Homo sapiens,Liver,,,Liver,explicit label: MASL,,,1,1.0,0.0,no,,,,,,,RNA-Seq,transcriptomic,cDNA,total RNA,,SRX26701169,,,https://www.ncbi.nlm.nih.gov/geo/query/acc.cgi?acc=GSM8630105,https://www.ncbi.nlm.nih.gov/geo/query/acc.cgi?acc=GSE281797,https://ftp.ncbi.nlm.nih.gov/geo/series/GSE281nnn/GSE281797/suppl/,,,,,,,41870035,Nov 13 2024,tissue: Liver || gender: Female || age at_biopsy: 41 || body mass_index: 54.643 || diabetes: 0 || steatosis grade: 1 || fibrosis grade: 2 || inflammation grade: 1 || ballooning grade: 0 || nafld activity_score: 2 || diagnosis: MASL
GSM8630106,GSE281797,case,primary,MASL,yes,counts,51,Female,35.398,1,2,3,Illumina NovaSeq 6000,Transcriptomic profiles of liver biopsies in obese patients with metabolic dysfunction-associated steatotic liver disease,HumanLiver_S372,human liver tissue,no,Homo sapiens,Liver,,,Liver,explicit label: MASL,,,1,1.0,0.0,no,,,,,,,RNA-Seq,transcriptomic,cDNA,total RNA,,SRX26701170,,,https://www.ncbi.nlm.nih.gov/geo/query/acc.cgi?acc=GSM8630106,https://www.ncbi.nlm.nih.gov/geo/query/acc.cgi?acc=GSE281797,https://ftp.ncbi.nlm.nih.gov/geo/series/GSE281nnn/GSE281797/suppl/,,,,,,,41870035,Nov 13 2024,tissue: Liver || gender: Female || age at_biopsy: 51 || body mass_index: 35.398 || diabetes: 1 || steatosis grade: 1 || fibrosis grade: 3 || inflammation grade: 1 || ballooning grade: 0 || nafld activity_score: 2 || diagnosis: MASL
GSM8630107,GSE281797,control,primary,No Pathology,yes,counts,24,Male,44.291,0,0,0,Illumina NovaSeq 6000,Transcriptomic profiles of liver biopsies in obese patients with metabolic dysfunction-associated steatotic liver disease,HumanLiver_S373,human liver tissue,no,Homo sapiens,Liver,,,Liver,explicit label: No Pathology,,,0,0.0,0.0,no,,,,,,,RNA-Seq,transcriptomic,cDNA,total RNA,,SRX26701171,,,https://www.ncbi.nlm.nih.gov/geo/query/acc.cgi?acc=GSM8630107,https://www.ncbi.nlm.nih.gov/geo/query/acc.cgi?acc=GSE281797,https://ftp.ncbi.nlm.nih.gov/geo/series/GSE281nnn/GSE281797/suppl/,,,,,,,41870035,Nov 13 2024,tissue: Liver || gender: Male || age at_biopsy: 24 || body mass_index: 44.291 || diabetes: 0 || steatosis grade: 0 || fibrosis grade: 0 || inflammation grade: 0 || ballooning grade: 0 || nafld activity_score: 0 || diagnosis: No Pathology
GSM8630108,GSE281797,control,primary,No Pathology,yes,counts,35,Female,39.247,0,0,1,Illumina NovaSeq 6000,Transcriptomic profiles of liver biopsies in obese patients with metabolic dysfunction-associated steatotic liver disease,HumanLiver_S374,human liver tissue,no,Homo sapiens,Liver,,,Liver,explicit label: No Pathology,,,0,0.0,0.0,no,,,,,,,RNA-Seq,transcriptomic,cDNA,total RNA,,SRX26701172,,,https://www.ncbi.nlm.nih.gov/geo/query/acc.cgi?acc=GSM8630108,https://www.ncbi.nlm.nih.gov/geo/query/acc.cgi?acc=GSE281797,https://ftp.ncbi.nlm.nih.gov/geo/series/GSE281nnn/GSE281797/suppl/,,,,,,,41870035,Nov 13 2024,tissue: Liver || gender: Female || age at_biopsy: 35 || body mass_index: 39.247 || diabetes: 0 || steatosis grade: 0 || fibrosis grade: 1 || inflammation grade: 0 || ballooning grade: 0 || nafld activity_score: 0 || diagnosis: No Pathology
GSM8630109,GSE281797,control,primary,No Pathology,yes,counts,64,Female,39.792,0,0,0,Illumina NovaSeq 6000,Transcriptomic profiles of liver biopsies in obese patients with metabolic dysfunction-associated steatotic liver disease,HumanLiver_S375,human liver tissue,no,Homo sapiens,Liver,,,Liver,explicit label: No Pathology,,,0,0.0,0.0,no,,,,,,,RNA-Seq,transcriptomic,cDNA,total RNA,,SRX26701173,,,https://www.ncbi.nlm.nih.gov/geo/query/acc.cgi?acc=GSM8630109,https://www.ncbi.nlm.nih.gov/geo/query/acc.cgi?acc=GSE281797,https://ftp.ncbi.nlm.nih.gov/geo/series/GSE281nnn/GSE281797/suppl/,,,,,,,41870035,Nov 13 2024,tissue: Liver || gender: Female || age at_biopsy: 64 || body mass_index: 39.792 || diabetes: 0 || steatosis grade: 0 || fibrosis grade: 0 || inflammation grade: 0 || ballooning grade: 0 || nafld activity_score: 0 || diagnosis: No Pathology
GSM8630110,GSE281797,case,primary,MASL,yes,counts,44,Female,50.666,0,1,0,Illumina NovaSeq 6000,Transcriptomic profiles of liver biopsies in obese patients with metabolic dysfunction-associated steatotic liver disease,HumanLiver_S376,human liver tissue,no,Homo sapiens,Liver,,,Liver,explicit label: MASL,,,1,0.0,0.0,no,,,,,,,RNA-Seq,transcriptomic,cDNA,total RNA,,SRX26701119,,,https://www.ncbi.nlm.nih.gov/geo/query/acc.cgi?acc=GSM8630110,https://www.ncbi.nlm.nih.gov/geo/query/acc.cgi?acc=GSE281797,https://ftp.ncbi.nlm.nih.gov/geo/series/GSE281nnn/GSE281797/suppl/,,,,,,,41870035,Nov 13 2024,tissue: Liver || gender: Female || age at_biopsy: 44 || body mass_index: 50.666 || diabetes: 0 || steatosis grade: 1 || fibrosis grade: 0 || inflammation grade: 0 || ballooning grade: 0 || nafld activity_score: 1 || diagnosis: MASL
GSM8630111,GSE281797,control,primary,No Pathology,yes,counts,45,Female,47.057,0,0,0,Illumina NovaSeq 6000,Transcriptomic profiles of liver biopsies in obese patients with metabolic dysfunction-associated steatotic liver disease,HumanLiver_S377,human liver tissue,no,Homo sapiens,Liver,,,Liver,explicit label: No Pathology,,,0,0.0,0.0,no,,,,,,,RNA-Seq,transcriptomic,cDNA,total RNA,,SRX26701120,,,https://www.ncbi.nlm.nih.gov/geo/query/acc.cgi?acc=GSM8630111,https://www.ncbi.nlm.nih.gov/geo/query/acc.cgi?acc=GSE281797,https://ftp.ncbi.nlm.nih.gov/geo/series/GSE281nnn/GSE281797/suppl/,,,,,,,41870035,Nov 13 2024,tissue: Liver || gender: Female || age at_biopsy: 45 || body mass_index: 47.057 || diabetes: 0 || steatosis grade: 0 || fibrosis grade: 0 || inflammation grade: 0 || ballooning grade: 0 || nafld activity_score: 0 || diagnosis: No Pathology
GSM8630112,GSE281797,case,primary,MASL,yes,counts,51,Female,50.131,1,1,0,Illumina NovaSeq 6000,Transcriptomic profiles of liver biopsies in obese patients with metabolic dysfunction-associated steatotic liver disease,HumanLiver_S378,human liver tissue,no,Homo sapiens,Liver,,,Liver,explicit label: MASL,,,1,0.0,0.0,no,,,,,,,RNA-Seq,transcriptomic,cDNA,total RNA,,SRX26701121,,,https://www.ncbi.nlm.nih.gov/geo/query/acc.cgi?acc=GSM8630112,https://www.ncbi.nlm.nih.gov/geo/query/acc.cgi?acc=GSE281797,https://ftp.ncbi.nlm.nih.gov/geo/series/GSE281nnn/GSE281797/suppl/,,,,,,,41870035,Nov 13 2024,tissue: Liver || gender: Female || age at_biopsy: 51 || body mass_index: 50.131 || diabetes: 1 || steatosis grade: 1 || fibrosis grade: 0 || inflammation grade: 0 || ballooning grade: 0 || nafld activity_score: 1 || diagnosis: MASL
GSM8630113,GSE281797,control,primary,No Pathology,yes,counts,43,Female,47.452,1,0,0,Illumina NovaSeq 6000,Transcriptomic profiles of liver biopsies in obese patients with metabolic dysfunction-associated steatotic liver disease,HumanLiver_S379,human liver tissue,no,Homo sapiens,Liver,,,Liver,explicit label: No Pathology,,,0,0.0,0.0,no,,,,,,,RNA-Seq,transcriptomic,cDNA,total RNA,,SRX26701122,,,https://www.ncbi.nlm.nih.gov/geo/query/acc.cgi?acc=GSM8630113,https://www.ncbi.nlm.nih.gov/geo/query/acc.cgi?acc=GSE281797,https://ftp.ncbi.nlm.nih.gov/geo/series/GSE281nnn/GSE281797/suppl/,,,,,,,41870035,Nov 13 2024,tissue: Liver || gender: Female || age at_biopsy: 43 || body mass_index: 47.452 || diabetes: 1 || steatosis grade: 0 || fibrosis grade: 0 || inflammation grade: 0 || ballooning grade: 0 || nafld activity_score: 0 || diagnosis: No Pathology
GSM8630114,GSE281797,case,primary,MASL,yes,counts,46,Female,30.883,0,2,2,Illumina NovaSeq 6000,Transcriptomic profiles of liver biopsies in obese patients with metabolic dysfunction-associated steatotic liver disease,HumanLiver_S380,human liver tissue,no,Homo sapiens,Liver,,,Liver,explicit label: MASL,,,1,1.0,0.0,no,,,,,,,RNA-Seq,transcriptomic,cDNA,total RNA,,SRX26701123,,,https://www.ncbi.nlm.nih.gov/geo/query/acc.cgi?acc=GSM8630114,https://www.ncbi.nlm.nih.gov/geo/query/acc.cgi?acc=GSE281797,https://ftp.ncbi.nlm.nih.gov/geo/series/GSE281nnn/GSE281797/suppl/,,,,,,,41870035,Nov 13 2024,tissue: Liver || gender: Female || age at_biopsy: 46 || body mass_index: 30.883 || diabetes: 0 || steatosis grade: 1 || fibrosis grade: 2 || inflammation grade: 1 || ballooning grade: 0 || nafld activity_score: 2 || diagnosis: MASL
GSM8630115,GSE281797,case,primary,MASL,yes,counts,55,Female,48.469,1,3,2,Illumina NovaSeq 6000,Transcriptomic profiles of liver biopsies in obese patients with metabolic dysfunction-associated steatotic liver disease,HumanLiver_S382,human liver tissue,no,Homo sapiens,Liver,,,Liver,explicit label: MASL,,,2,1.0,0.0,no,,,,,,,RNA-Seq,transcriptomic,cDNA,total RNA,,SRX26701124,,,https://www.ncbi.nlm.nih.gov/geo/query/acc.cgi?acc=GSM8630115,https://www.ncbi.nlm.nih.gov/geo/query/acc.cgi?acc=GSE281797,https://ftp.ncbi.nlm.nih.gov/geo/series/GSE281nnn/GSE281797/suppl/,,,,,,,41870035,Nov 13 2024,tissue: Liver || gender: Female || age at_biopsy: 55 || body mass_index: 48.469 || diabetes: 1 || steatosis grade: 2 || fibrosis grade: 2 || inflammation grade: 1 || ballooning grade: 0 || nafld activity_score: 3 || diagnosis: MASL
GSM8630116,GSE281797,case,primary,MASL,yes,counts,44,Female,44.914,0,3,2,Illumina NovaSeq 6000,Transcriptomic profiles of liver biopsies in obese patients with metabolic dysfunction-associated steatotic liver disease,HumanLiver_S384,human liver tissue,no,Homo sapiens,Liver,,,Liver,explicit label: MASL,,,2,1.0,0.0,no,,,,,,,RNA-Seq,transcriptomic,cDNA,total RNA,,SRX26701125,,,https://www.ncbi.nlm.nih.gov/geo/query/acc.cgi?acc=GSM8630116,https://www.ncbi.nlm.nih.gov/geo/query/acc.cgi?acc=GSE281797,https://ftp.ncbi.nlm.nih.gov/geo/series/GSE281nnn/GSE281797/suppl/,,,,,,,41870035,Nov 13 2024,tissue: Liver || gender: Female || age at_biopsy: 44 || body mass_index: 44.914 || diabetes: 0 || steatosis grade: 2 || fibrosis grade: 2 || inflammation grade: 1 || ballooning grade: 0 || nafld activity_score: 3 || diagnosis: MASL
GSM8630117,GSE281797,case,primary,MASL,yes,counts,45,Male,45.648,1,2,1,Illumina NovaSeq 6000,Transcriptomic profiles of liver biopsies in obese patients with metabolic dysfunction-associated steatotic liver disease,HumanLiver_S385,human liver tissue,no,Homo sapiens,Liver,,,Liver,explicit label: MASL,,,1,1.0,0.0,no,,,,,,,RNA-Seq,transcriptomic,cDNA,total RNA,,SRX26701126,,,https://www.ncbi.nlm.nih.gov/geo/query/acc.cgi?acc=GSM8630117,https://www.ncbi.nlm.nih.gov/geo/query/acc.cgi?acc=GSE281797,https://ftp.ncbi.nlm.nih.gov/geo/series/GSE281nnn/GSE281797/suppl/,,,,,,,41870035,Nov 13 2024,tissue: Liver || gender: Male || age at_biopsy: 45 || body mass_index: 45.648 || diabetes: 1 || steatosis grade: 1 || fibrosis grade: 1 || inflammation grade: 1 || ballooning grade: 0 || nafld activity_score: 2 || diagnosis: MASL
GSM8630118,GSE281797,case,primary,MASL,yes,counts,36,Male,45.648,0,3,3,Illumina NovaSeq 6000,Transcriptomic profiles of liver biopsies in obese patients with metabolic dysfunction-associated steatotic liver disease,HumanLiver_S386,human liver tissue,no,Homo sapiens,Liver,,,Liver,explicit label: MASL,,,2,1.0,0.0,no,,,,,,,RNA-Seq,transcriptomic,cDNA,total RNA,,SRX26701127,,,https://www.ncbi.nlm.nih.gov/geo/query/acc.cgi?acc=GSM8630118,https://www.ncbi.nlm.nih.gov/geo/query/acc.cgi?acc=GSE281797,https://ftp.ncbi.nlm.nih.gov/geo/series/GSE281nnn/GSE281797/suppl/,,,,,,,41870035,Nov 13 2024,tissue: Liver || gender: Male || age at_biopsy: 36 || body mass_index: 45.648 || diabetes: 0 || steatosis grade: 2 || fibrosis grade: 3 || inflammation grade: 1 || ballooning grade: 0 || nafld activity_score: 3 || diagnosis: MASL
GSM8630119,GSE281797,case,primary,MASL,yes,counts,36,Male,47.700,0,1,1,Illumina NovaSeq 6000,Transcriptomic profiles of liver biopsies in obese patients with metabolic dysfunction-associated steatotic liver disease,HumanLiver_S387,human liver tissue,no,Homo sapiens,Liver,,,Liver,explicit label: MASL,,,1,0.0,0.0,no,,,,,,,RNA-Seq,transcriptomic,cDNA,total RNA,,SRX26701128,,,https://www.ncbi.nlm.nih.gov/geo/query/acc.cgi?acc=GSM8630119,https://www.ncbi.nlm.nih.gov/geo/query/acc.cgi?acc=GSE281797,https://ftp.ncbi.nlm.nih.gov/geo/series/GSE281nnn/GSE281797/suppl/,,,,,,,41870035,Nov 13 2024,tissue: Liver || gender: Male || age at_biopsy: 36 || body mass_index: 47.700 || diabetes: 0 || steatosis grade: 1 || fibrosis grade: 1 || inflammation grade: 0 || ballooning grade: 0 || nafld activity_score: 1 || diagnosis: MASL
GSM8630120,GSE281797,case,primary,MASL,yes,counts,29,Male,42.133,0,1,2,Illumina NovaSeq 6000,Transcriptomic profiles of liver biopsies in obese patients with metabolic dysfunction-associated steatotic liver disease,HumanLiver_S388,human liver tissue,no,Homo sapiens,Liver,,,Liver,explicit label: MASL,,,1,0.0,0.0,no,,,,,,,RNA-Seq,transcriptomic,cDNA,total RNA,,SRX26701130,,,https://www.ncbi.nlm.nih.gov/geo/query/acc.cgi?acc=GSM8630120,https://www.ncbi.nlm.nih.gov/geo/query/acc.cgi?acc=GSE281797,https://ftp.ncbi.nlm.nih.gov/geo/series/GSE281nnn/GSE281797/suppl/,,,,,,,41870035,Nov 13 2024,tissue: Liver || gender: Male || age at_biopsy: 29 || body mass_index: 42.133 || diabetes: 0 || steatosis grade: 1 || fibrosis grade: 2 || inflammation grade: 0 || ballooning grade: 0 || nafld activity_score: 1 || diagnosis: MASL
GSM8630121,GSE281797,case,primary,MASL,yes,counts,24,Female,36.068,0,2,1,Illumina NovaSeq 6000,Transcriptomic profiles of liver biopsies in obese patients with metabolic dysfunction-associated steatotic liver disease,HumanLiver_S389,human liver tissue,no,Homo sapiens,Liver,,,Liver,explicit label: MASL,,,1,1.0,0.0,no,,,,,,,RNA-Seq,transcriptomic,cDNA,total RNA,,SRX26701131,,,https://www.ncbi.nlm.nih.gov/geo/query/acc.cgi?acc=GSM8630121,https://www.ncbi.nlm.nih.gov/geo/query/acc.cgi?acc=GSE281797,https://ftp.ncbi.nlm.nih.gov/geo/series/GSE281nnn/GSE281797/suppl/,,,,,,,41870035,Nov 13 2024,tissue: Liver || gender: Female || age at_biopsy: 24 || body mass_index: 36.068 || diabetes: 0 || steatosis grade: 1 || fibrosis grade: 1 || inflammation grade: 1 || ballooning grade: 0 || nafld activity_score: 2 || diagnosis: MASL
GSM8630122,GSE281797,case,primary,MASL,yes,counts,55,Male,42.278,0,1,2,Illumina NovaSeq 6000,Transcriptomic profiles of liver biopsies in obese patients with metabolic dysfunction-associated steatotic liver disease,HumanLiver_S390,human liver tissue,no,Homo sapiens,Liver,,,Liver,explicit label: MASL,,,1,0.0,0.0,no,,,,,,,RNA-Seq,transcriptomic,cDNA,total RNA,,SRX26701132,,,https://www.ncbi.nlm.nih.gov/geo/query/acc.cgi?acc=GSM8630122,https://www.ncbi.nlm.nih.gov/geo/query/acc.cgi?acc=GSE281797,https://ftp.ncbi.nlm.nih.gov/geo/series/GSE281nnn/GSE281797/suppl/,,,,,,,41870035,Nov 13 2024,tissue: Liver || gender: Male || age at_biopsy: 55 || body mass_index: 42.278 || diabetes: 0 || steatosis grade: 1 || fibrosis grade: 2 || inflammation grade: 0 || ballooning grade: 0 || nafld activity_score: 1 || diagnosis: MASL
GSM8630123,GSE281797,case,primary,MASL,yes,counts,52,Female,39.919,1,2,1,Illumina NovaSeq 6000,Transcriptomic profiles of liver biopsies in obese patients with metabolic dysfunction-associated steatotic liver disease,HumanLiver_S391,human liver tissue,no,Homo sapiens,Liver,,,Liver,explicit label: MASL,,,1,1.0,0.0,no,,,,,,,RNA-Seq,transcriptomic,cDNA,total RNA,,SRX26701133,,,https://www.ncbi.nlm.nih.gov/geo/query/acc.cgi?acc=GSM8630123,https://www.ncbi.nlm.nih.gov/geo/query/acc.cgi?acc=GSE281797,https://ftp.ncbi.nlm.nih.gov/geo/series/GSE281nnn/GSE281797/suppl/,,,,,,,41870035,Nov 13 2024,tissue: Liver || gender: Female || age at_biopsy: 52 || body mass_index: 39.919 || diabetes: 1 || steatosis grade: 1 || fibrosis grade: 1 || inflammation grade: 1 || ballooning grade: 0 || nafld activity_score: 2 || diagnosis: MASL
GSM8630124,GSE281797,case,primary,MASL,yes,counts,39,Male,40.414,0,4,2,Illumina NovaSeq 6000,Transcriptomic profiles of liver biopsies in obese patients with metabolic dysfunction-associated steatotic liver disease,HumanLiver_S392,human liver tissue,no,Homo sapiens,Liver,,,Liver,explicit label: MASL,,,2,2.0,0.0,no,,,,,,,RNA-Seq,transcriptomic,cDNA,total RNA,,SRX26701134,,,https://www.ncbi.nlm.nih.gov/geo/query/acc.cgi?acc=GSM8630124,https://www.ncbi.nlm.nih.gov/geo/query/acc.cgi?acc=GSE281797,https://ftp.ncbi.nlm.nih.gov/geo/series/GSE281nnn/GSE281797/suppl/,,,,,,,41870035,Nov 13 2024,tissue: Liver || gender: Male || age at_biopsy: 39 || body mass_index: 40.414 || diabetes: 0 || steatosis grade: 2 || fibrosis grade: 2 || inflammation grade: 2 || ballooning grade: 0 || nafld activity_score: 4 || diagnosis: MASL
GSM8630125,GSE281797,control,primary,No Pathology,yes,counts,53,Female,29.965,0,0,0,Illumina NovaSeq 6000,Transcriptomic profiles of liver biopsies in obese patients with metabolic dysfunction-associated steatotic liver disease,HumanLiver_S393,human liver tissue,no,Homo sapiens,Liver,,,Liver,explicit label: No Pathology,,,0,0.0,0.0,no,,,,,,,RNA-Seq,transcriptomic,cDNA,total RNA,,SRX26701135,,,https://www.ncbi.nlm.nih.gov/geo/query/acc.cgi?acc=GSM8630125,https://www.ncbi.nlm.nih.gov/geo/query/acc.cgi?acc=GSE281797,https://ftp.ncbi.nlm.nih.gov/geo/series/GSE281nnn/GSE281797/suppl/,,,,,,,41870035,Nov 13 2024,tissue: Liver || gender: Female || age at_biopsy: 53 || body mass_index: 29.965 || diabetes: 0 || steatosis grade: 0 || fibrosis grade: 0 || inflammation grade: 0 || ballooning grade: 0 || nafld activity_score: 0 || diagnosis: No Pathology
GSM8630126,GSE281797,case,primary,MASL,yes,counts,35,Female,37.855,1,1,0,Illumina NovaSeq 6000,Transcriptomic profiles of liver biopsies in obese patients with metabolic dysfunction-associated steatotic liver disease,HumanLiver_S394,human liver tissue,no,Homo sapiens,Liver,,,Liver,explicit label: MASL,,,1,0.0,0.0,no,,,,,,,RNA-Seq,transcriptomic,cDNA,total RNA,,SRX26701136,,,https://www.ncbi.nlm.nih.gov/geo/query/acc.cgi?acc=GSM8630126,https://www.ncbi.nlm.nih.gov/geo/query/acc.cgi?acc=GSE281797,https://ftp.ncbi.nlm.nih.gov/geo/series/GSE281nnn/GSE281797/suppl/,,,,,,,41870035,Nov 13 2024,tissue: Liver || gender: Female || age at_biopsy: 35 || body mass_index: 37.855 || diabetes: 1 || steatosis grade: 1 || fibrosis grade: 0 || inflammation grade: 0 || ballooning grade: 0 || nafld activity_score: 1 || diagnosis: MASL
GSM8630127,GSE281797,case,primary,MASL,yes,counts,49,Female,34.335,1,4,2,Illumina NovaSeq 6000,Transcriptomic profiles of liver biopsies in obese patients with metabolic dysfunction-associated steatotic liver disease,HumanLiver_S396,human liver tissue,no,Homo sapiens,Liver,,,Liver,explicit label: MASL,,,3,1.0,0.0,no,,,,,,,RNA-Seq,transcriptomic,cDNA,total RNA,,SRX26701137,,,https://www.ncbi.nlm.nih.gov/geo/query/acc.cgi?acc=GSM8630127,https://www.ncbi.nlm.nih.gov/geo/query/acc.cgi?acc=GSE281797,https://ftp.ncbi.nlm.nih.gov/geo/series/GSE281nnn/GSE281797/suppl/,,,,,,,41870035,Nov 13 2024,tissue: Liver || gender: Female || age at_biopsy: 49 || body mass_index: 34.335 || diabetes: 1 || steatosis grade: 3 || fibrosis grade: 2 || inflammation grade: 1 || ballooning grade: 0 || nafld activity_score: 4 || diagnosis: MASL
GSM8630128,GSE281797,case,primary,MASH,yes,counts,56,Female,44.713,0,6,3,Illumina NovaSeq 6000,Transcriptomic profiles of liver biopsies in obese patients with metabolic dysfunction-associated steatotic liver disease,HumanLiver_S397,human liver tissue,no,Homo sapiens,Liver,,,Liver,explicit label: MASH,,,2,3.0,1.0,no,,,,,,,RNA-Seq,transcriptomic,cDNA,total RNA,,SRX26701138,,,https://www.ncbi.nlm.nih.gov/geo/query/acc.cgi?acc=GSM8630128,https://www.ncbi.nlm.nih.gov/geo/query/acc.cgi?acc=GSE281797,https://ftp.ncbi.nlm.nih.gov/geo/series/GSE281nnn/GSE281797/suppl/,,,,,,,41870035,Nov 13 2024,tissue: Liver || gender: Female || age at_biopsy: 56 || body mass_index: 44.713 || diabetes: 0 || steatosis grade: 2 || fibrosis grade: 3 || inflammation grade: 3 || ballooning grade: 1 || nafld activity_score: 6 || diagnosis: MASH
GSM8630129,GSE281797,case,primary,MASL,yes,counts,60,Female,37.959,1,4,2,Illumina NovaSeq 6000,Transcriptomic profiles of liver biopsies in obese patients with metabolic dysfunction-associated steatotic liver disease,HumanLiver_S399,human liver tissue,no,Homo sapiens,Liver,,,Liver,explicit label: MASL,,,2,2.0,0.0,no,,,,,,,RNA-Seq,transcriptomic,cDNA,total RNA,,SRX26701139,,,https://www.ncbi.nlm.nih.gov/geo/query/acc.cgi?acc=GSM8630129,https://www.ncbi.nlm.nih.gov/geo/query/acc.cgi?acc=GSE281797,https://ftp.ncbi.nlm.nih.gov/geo/series/GSE281nnn/GSE281797/suppl/,,,,,,,41870035,Nov 13 2024,tissue: Liver || gender: Female || age at_biopsy: 60 || body mass_index: 37.959 || diabetes: 1 || steatosis grade: 2 || fibrosis grade: 2 || inflammation grade: 2 || ballooning grade: 0 || nafld activity_score: 4 || diagnosis: MASL
GSM8630130,GSE281797,control,primary,No Pathology,yes,counts,53,Female,48.619,0,0,0,Illumina NovaSeq 6000,Transcriptomic profiles of liver biopsies in obese patients with metabolic dysfunction-associated steatotic liver disease,HumanLiver_S401,human liver tissue,no,Homo sapiens,Liver,,,Liver,explicit label: No Pathology,,,0,0.0,0.0,no,,,,,,,RNA-Seq,transcriptomic,cDNA,total RNA,,SRX26701141,,,https://www.ncbi.nlm.nih.gov/geo/query/acc.cgi?acc=GSM8630130,https://www.ncbi.nlm.nih.gov/geo/query/acc.cgi?acc=GSE281797,https://ftp.ncbi.nlm.nih.gov/geo/series/GSE281nnn/GSE281797/suppl/,,,,,,,41870035,Nov 13 2024,tissue: Liver || gender: Female || age at_biopsy: 53 || body mass_index: 48.619 || diabetes: 0 || steatosis grade: 0 || fibrosis grade: 0 || inflammation grade: 0 || ballooning grade: 0 || nafld activity_score: 0 || diagnosis: No Pathology
GSM8630131,GSE281797,control,primary,No Pathology,yes,counts,25,Female,42.608,0,0,0,Illumina NovaSeq 6000,Transcriptomic profiles of liver biopsies in obese patients with metabolic dysfunction-associated steatotic liver disease,HumanLiver_S402,human liver tissue,no,Homo sapiens,Liver,,,Liver,explicit label: No Pathology,,,0,0.0,0.0,no,,,,,,,RNA-Seq,transcriptomic,cDNA,total RNA,,SRX26701142,,,https://www.ncbi.nlm.nih.gov/geo/query/acc.cgi?acc=GSM8630131,https://www.ncbi.nlm.nih.gov/geo/query/acc.cgi?acc=GSE281797,https://ftp.ncbi.nlm.nih.gov/geo/series/GSE281nnn/GSE281797/suppl/,,,,,,,41870035,Nov 13 2024,tissue: Liver || gender: Female || age at_biopsy: 25 || body mass_index: 42.608 || diabetes: 0 || steatosis grade: 0 || fibrosis grade: 0 || inflammation grade: 0 || ballooning grade: 0 || nafld activity_score: 0 || diagnosis: No Pathology
GSM8630132,GSE281797,case,primary,MASL,yes,counts,36,Female,36.365,1,1,1,Illumina NovaSeq 6000,Transcriptomic profiles of liver biopsies in obese patients with metabolic dysfunction-associated steatotic liver disease,HumanLiver_S403,human liver tissue,no,Homo sapiens,Liver,,,Liver,explicit label: MASL,,,1,0.0,0.0,no,,,,,,,RNA-Seq,transcriptomic,cDNA,total RNA,,SRX26701143,,,https://www.ncbi.nlm.nih.gov/geo/query/acc.cgi?acc=GSM8630132,https://www.ncbi.nlm.nih.gov/geo/query/acc.cgi?acc=GSE281797,https://ftp.ncbi.nlm.nih.gov/geo/series/GSE281nnn/GSE281797/suppl/,,,,,,,41870035,Nov 13 2024,tissue: Liver || gender: Female || age at_biopsy: 36 || body mass_index: 36.365 || diabetes: 1 || steatosis grade: 1 || fibrosis grade: 1 || inflammation grade: 0 || ballooning grade: 0 || nafld activity_score: 1 || diagnosis: MASL
GSM8630133,GSE281797,control,primary,No Pathology,yes,counts,32,Female,38.431,0,0,0,Illumina NovaSeq 6000,Transcriptomic profiles of liver biopsies in obese patients with metabolic dysfunction-associated steatotic liver disease,HumanLiver_S404,human liver tissue,no,Homo sapiens,Liver,,,Liver,explicit label: No Pathology,,,0,0.0,0.0,no,,,,,,,RNA-Seq,transcriptomic,cDNA,total RNA,,SRX26701144,,,https://www.ncbi.nlm.nih.gov/geo/query/acc.cgi?acc=GSM8630133,https://www.ncbi.nlm.nih.gov/geo/query/acc.cgi?acc=GSE281797,https://ftp.ncbi.nlm.nih.gov/geo/series/GSE281nnn/GSE281797/suppl/,,,,,,,41870035,Nov 13 2024,tissue: Liver || gender: Female || age at_biopsy: 32 || body mass_index: 38.431 || diabetes: 0 || steatosis grade: 0 || fibrosis grade: 0 || inflammation grade: 0 || ballooning grade: 0 || nafld activity_score: 0 || diagnosis: No Pathology
GSM8630134,GSE281797,control,primary,No Pathology,yes,counts,64,Female,44.023,0,0,0,Illumina NovaSeq 6000,Transcriptomic profiles of liver biopsies in obese patients with metabolic dysfunction-associated steatotic liver disease,HumanLiver_S405,human liver tissue,no,Homo sapiens,Liver,,,Liver,explicit label: No Pathology,,,0,0.0,0.0,no,,,,,,,RNA-Seq,transcriptomic,cDNA,total RNA,,SRX26701145,,,https://www.ncbi.nlm.nih.gov/geo/query/acc.cgi?acc=GSM8630134,https://www.ncbi.nlm.nih.gov/geo/query/acc.cgi?acc=GSE281797,https://ftp.ncbi.nlm.nih.gov/geo/series/GSE281nnn/GSE281797/suppl/,,,,,,,41870035,Nov 13 2024,tissue: Liver || gender: Female || age at_biopsy: 64 || body mass_index: 44.023 || diabetes: 0 || steatosis grade: 0 || fibrosis grade: 0 || inflammation grade: 0 || ballooning grade: 0 || nafld activity_score: 0 || diagnosis: No Pathology
GSM8630135,GSE281797,case,primary,MASH,yes,counts,31,Female,37.322,0,5,1,Illumina NovaSeq 6000,Transcriptomic profiles of liver biopsies in obese patients with metabolic dysfunction-associated steatotic liver disease,HumanLiver_S406,human liver tissue,no,Homo sapiens,Liver,,,Liver,explicit label: MASH,,,3,1.0,1.0,no,,,,,,,RNA-Seq,transcriptomic,cDNA,total RNA,,SRX26701174,,,https://www.ncbi.nlm.nih.gov/geo/query/acc.cgi?acc=GSM8630135,https://www.ncbi.nlm.nih.gov/geo/query/acc.cgi?acc=GSE281797,https://ftp.ncbi.nlm.nih.gov/geo/series/GSE281nnn/GSE281797/suppl/,,,,,,,41870035,Nov 13 2024,tissue: Liver || gender: Female || age at_biopsy: 31 || body mass_index: 37.322 || diabetes: 0 || steatosis grade: 3 || fibrosis grade: 1 || inflammation grade: 1 || ballooning grade: 1 || nafld activity_score: 5 || diagnosis: MASH
GSM8630136,GSE281797,case,primary,MASL,yes,counts,45,Female,51.172,0,2,1,Illumina NovaSeq 6000,Transcriptomic profiles of liver biopsies in obese patients with metabolic dysfunction-associated steatotic liver disease,HumanLiver_S409,human liver tissue,no,Homo sapiens,Liver,,,Liver,explicit label: MASL,,,1,1.0,0.0,no,,,,,,,RNA-Seq,transcriptomic,cDNA,total RNA,,SRX26701175,,,https://www.ncbi.nlm.nih.gov/geo/query/acc.cgi?acc=GSM8630136,https://www.ncbi.nlm.nih.gov/geo/query/acc.cgi?acc=GSE281797,https://ftp.ncbi.nlm.nih.gov/geo/series/GSE281nnn/GSE281797/suppl/,,,,,,,41870035,Nov 13 2024,tissue: Liver || gender: Female || age at_biopsy: 45 || body mass_index: 51.172 || diabetes: 0 || steatosis grade: 1 || fibrosis grade: 1 || inflammation grade: 1 || ballooning grade: 0 || nafld activity_score: 2 || diagnosis: MASL
GSM8630137,GSE281797,case,primary,MASL,yes,counts,40,Female,44.444,0,1,1,Illumina NovaSeq 6000,Transcriptomic profiles of liver biopsies in obese patients with metabolic dysfunction-associated steatotic liver disease,HumanLiver_S411,human liver tissue,no,Homo sapiens,Liver,,,Liver,explicit label: MASL,,,1,0.0,0.0,no,,,,,,,RNA-Seq,transcriptomic,cDNA,total RNA,,SRX26701176,,,https://www.ncbi.nlm.nih.gov/geo/query/acc.cgi?acc=GSM8630137,https://www.ncbi.nlm.nih.gov/geo/query/acc.cgi?acc=GSE281797,https://ftp.ncbi.nlm.nih.gov/geo/series/GSE281nnn/GSE281797/suppl/,,,,,,,41870035,Nov 13 2024,tissue: Liver || gender: Female || age at_biopsy: 40 || body mass_index: 44.444 || diabetes: 0 || steatosis grade: 1 || fibrosis grade: 1 || inflammation grade: 0 || ballooning grade: 0 || nafld activity_score: 1 || diagnosis: MASL
GSM8630138,GSE281797,control,primary,No Pathology,yes,counts,44,Female,46.709,0,0,0,Illumina NovaSeq 6000,Transcriptomic profiles of liver biopsies in obese patients with metabolic dysfunction-associated steatotic liver disease,HumanLiver_S412,human liver tissue,no,Homo sapiens,Liver,,,Liver,explicit label: No Pathology,,,0,0.0,0.0,no,,,,,,,RNA-Seq,transcriptomic,cDNA,total RNA,,SRX26701177,,,https://www.ncbi.nlm.nih.gov/geo/query/acc.cgi?acc=GSM8630138,https://www.ncbi.nlm.nih.gov/geo/query/acc.cgi?acc=GSE281797,https://ftp.ncbi.nlm.nih.gov/geo/series/GSE281nnn/GSE281797/suppl/,,,,,,,41870035,Nov 13 2024,tissue: Liver || gender: Female || age at_biopsy: 44 || body mass_index: 46.709 || diabetes: 0 || steatosis grade: 0 || fibrosis grade: 0 || inflammation grade: 0 || ballooning grade: 0 || nafld activity_score: 0 || diagnosis: No Pathology
GSM8630139,GSE281797,control,primary,No Pathology,yes,counts,24,Female,46.812,0,0,1,Illumina NovaSeq 6000,Transcriptomic profiles of liver biopsies in obese patients with metabolic dysfunction-associated steatotic liver disease,HumanLiver_S413,human liver tissue,no,Homo sapiens,Liver,,,Liver,explicit label: No Pathology,,,0,0.0,0.0,no,,,,,,,RNA-Seq,transcriptomic,cDNA,total RNA,,SRX26701178,,,https://www.ncbi.nlm.nih.gov/geo/query/acc.cgi?acc=GSM8630139,https://www.ncbi.nlm.nih.gov/geo/query/acc.cgi?acc=GSE281797,https://ftp.ncbi.nlm.nih.gov/geo/series/GSE281nnn/GSE281797/suppl/,,,,,,,41870035,Nov 13 2024,tissue: Liver || gender: Female || age at_biopsy: 24 || body mass_index: 46.812 || diabetes: 0 || steatosis grade: 0 || fibrosis grade: 1 || inflammation grade: 0 || ballooning grade: 0 || nafld activity_score: 0 || diagnosis: No Pathology
GSM8630140,GSE281797,control,primary,No Pathology,yes,counts,22,Female,43.984,0,0,0,Illumina NovaSeq 6000,Transcriptomic profiles of liver biopsies in obese patients with metabolic dysfunction-associated steatotic liver disease,HumanLiver_S414,human liver tissue,no,Homo sapiens,Liver,,,Liver,explicit label: No Pathology,,,0,0.0,0.0,no,,,,,,,RNA-Seq,transcriptomic,cDNA,total RNA,,SRX26701180,,,https://www.ncbi.nlm.nih.gov/geo/query/acc.cgi?acc=GSM8630140,https://www.ncbi.nlm.nih.gov/geo/query/acc.cgi?acc=GSE281797,https://ftp.ncbi.nlm.nih.gov/geo/series/GSE281nnn/GSE281797/suppl/,,,,,,,41870035,Nov 13 2024,tissue: Liver || gender: Female || age at_biopsy: 22 || body mass_index: 43.984 || diabetes: 0 || steatosis grade: 0 || fibrosis grade: 0 || inflammation grade: 0 || ballooning grade: 0 || nafld activity_score: 0 || diagnosis: No Pathology
GSM8630141,GSE281797,case,primary,MASL,yes,counts,28,Male,37.920,1,3,2,Illumina NovaSeq 6000,Transcriptomic profiles of liver biopsies in obese patients with metabolic dysfunction-associated steatotic liver disease,HumanLiver_S415,human liver tissue,no,Homo sapiens,Liver,,,Liver,explicit label: MASL,,,2,1.0,0.0,no,,,,,,,RNA-Seq,transcriptomic,cDNA,total RNA,,SRX26701181,,,https://www.ncbi.nlm.nih.gov/geo/query/acc.cgi?acc=GSM8630141,https://www.ncbi.nlm.nih.gov/geo/query/acc.cgi?acc=GSE281797,https://ftp.ncbi.nlm.nih.gov/geo/series/GSE281nnn/GSE281797/suppl/,,,,,,,41870035,Nov 13 2024,tissue: Liver || gender: Male || age at_biopsy: 28 || body mass_index: 37.920 || diabetes: 1 || steatosis grade: 2 || fibrosis grade: 2 || inflammation grade: 1 || ballooning grade: 0 || nafld activity_score: 3 || diagnosis: MASL
GSM8630142,GSE281797,case,primary,MASL,yes,counts,48,Female,37.537,0,1,0,Illumina NovaSeq 6000,Transcriptomic profiles of liver biopsies in obese patients with metabolic dysfunction-associated steatotic liver disease,HumanLiver_S416,human liver tissue,no,Homo sapiens,Liver,,,Liver,explicit label: MASL,,,1,0.0,0.0,no,,,,,,,RNA-Seq,transcriptomic,cDNA,total RNA,,SRX26701182,,,https://www.ncbi.nlm.nih.gov/geo/query/acc.cgi?acc=GSM8630142,https://www.ncbi.nlm.nih.gov/geo/query/acc.cgi?acc=GSE281797,https://ftp.ncbi.nlm.nih.gov/geo/series/GSE281nnn/GSE281797/suppl/,,,,,,,41870035,Nov 13 2024,tissue: Liver || gender: Female || age at_biopsy: 48 || body mass_index: 37.537 || diabetes: 0 || steatosis grade: 1 || fibrosis grade: 0 || inflammation grade: 0 || ballooning grade: 0 || nafld activity_score: 1 || diagnosis: MASL
GSM8630143,GSE281797,case,primary,MASL,yes,counts,35,Female,54.979,0,2,1,Illumina NovaSeq 6000,Transcriptomic profiles of liver biopsies in obese patients with metabolic dysfunction-associated steatotic liver disease,HumanLiver_S398,human liver tissue,no,Homo sapiens,Liver,,,Liver,explicit label: MASL,,,1,1.0,0.0,no,,,,,,,RNA-Seq,transcriptomic,cDNA,total RNA,,SRX26701183,,,https://www.ncbi.nlm.nih.gov/geo/query/acc.cgi?acc=GSM8630143,https://www.ncbi.nlm.nih.gov/geo/query/acc.cgi?acc=GSE281797,https://ftp.ncbi.nlm.nih.gov/geo/series/GSE281nnn/GSE281797/suppl/,,,,,,,41870035,Nov 13 2024,tissue: Liver || gender: Female || age at_biopsy: 35 || body mass_index: 54.979 || diabetes: 0 || steatosis grade: 1 || fibrosis grade: 1 || inflammation grade: 1 || ballooning grade: 0 || nafld activity_score: 2 || diagnosis: MASL
