section	stage	n_pairs	n_drugs	n_genes	n_edges
A	1_raw_pairs	122	118	24	213
A	2_pk_pseudotarget_check	122	118	24	213
A	3_removed_NOT_APPROVED	4	4	3	7
A	3_removed_APPROVED_NO_LABEL	7	7	4	16
A	3_removed_MAX_PHASE_UNKNOWN	0	0	0	0
A	3_removed_NO_ANNOTATION	74	70	19	127
A	3_approved_only	37	37	10	63
A	4_oral	23	23	8	35
A	5_hepatic_safety	8	8	6	11
A	6_cardiac_gate	5	5	3	6
A	7_removed_WRONG_DIRECTION	1	1	1	2
A	7_removed_UNKNOWN	4	4	3	4
A	7_direction_match	0	0	0	0
A	8_consensus_labelled	0	0	0	0
A	9_mechanism_label_only_no_removal	0	0	0	0
A	9_mechanism_labelled	0	0	0	0
B	1_raw_pairs	4617	2823	187	7318
B	2_pk_pseudotarget_check	4617	2823	187	7318
B	3_removed_NOT_APPROVED	182	86	64	318
B	3_removed_APPROVED_NO_LABEL	257	135	69	471
B	3_removed_MAX_PHASE_UNKNOWN	2	1	2	3
B	3_removed_NO_ANNOTATION	2931	2055	152	4575
B	3_approved_only	1245	546	141	1951
B	4_oral	870	379	117	1434
B	5_hepatic_safety	358	178	76	589
B	6_cardiac_gate	248	126	55	415
B	7_removed_WRONG_DIRECTION	12	8	8	31
B	7_removed_UNKNOWN	228	121	47	372
B	7_direction_match	8	5	7	12
B	8_consensus_labelled	8	5	7	12
B	9_mechanism_label_only_no_removal	0	0	0	0
B	9_mechanism_labelled	8	5	7	12
A	10_salt_form_merge	0	0	0	0
B	10_salt_form_merge	8	5	7	12
