rank	section	drug_name	drug_name_canonical	drug_chembl_id	gene_symbol	target	gene_direction	target_direction	target_log2FC	target_padj	target_stat_source	neighbour_evidence_tier	action_type	platforms	platforms_n	consensus_label	approval_status	oral_verdict	hepatic_flag	hepatic_note	cardiac_flag	cardiac_note	mechanism_status	mechanism_of_action	ref_scope	accepted_references	ref_pmids	hepatotoxicity_p	cardiotoxicity_p	n_genes_engaged	n_edges	merged_raw_names	n_raw_name_variants	lowcount_verdict	lowcount_flagged_by_O3_5	gene_sets	seed_symbol	neighbour_symbol	expansion_sources	reason
	A	VOXELOTOR	VOXELOTOR	CHEMBL4101807	HBB	HBB	UP	UP	0.9279398288276391	0.0067361114080514	early26		POSITIVE MODULATOR;positive modulator	DGIdb;OpenTargets	2		APPROVED	ORAL	NONE		NONE		REFERENCED					NOT_SCORED	NOT_SCORED		2	VOXELOTOR	1	NOT_IN_SIG75		early26				WRONG DIRECTION: gene_direction=UP vs action_types=POSITIVE MODULATOR;positive modulator
	B	RALOXIFENE HYDROCHLORIDE	RALOXIFENE HYDROCHLORIDE	CHEMBL1116	AOX1	AOX1	DOWN	DOWN	-0.0952847573782634	0.8624367660696847	neighbour_direction	MEASURED_NS	inhibitor	DGIdb	1		APPROVED	ORAL	NONE		NONE		REFERENCED					NOT_SCORED	NOT_SCORED		4	RALOXIFENE HYDROCHLORIDE	1	NOT_IN_SIG75			ADH7;CYP3A7;DHRS9;UGT1A8	AOX1	KEGG;STRING	WRONG DIRECTION: gene_direction=DOWN vs action_types=inhibitor
	B	PHENELZINE	PHENELZINE	CHEMBL1089	MAOA	MAOA	DOWN	DOWN	-0.0326388502651081	0.9417413281920496	neighbour_direction	MEASURED_NS	INHIBITOR;inhibitor	DGIdb;OpenTargets;Pharos	3		APPROVED	ORAL	NONE		NONE		MECHANISM UNSUPPORTED					NOT_SCORED	NOT_SCORED		3	PHENELZINE;phenelzine	2	NOT_IN_SIG75			ADH7	MAOA	KEGG;STRING	WRONG DIRECTION: gene_direction=DOWN vs action_types=INHIBITOR;inhibitor
	B	ISOCARBOXAZID	ISOCARBOXAZID	CHEMBL1201168	MAOA	MAOA	DOWN	DOWN	-0.0326388502651081	0.9417413281920496	neighbour_direction	MEASURED_NS	INHIBITOR;inhibitor	DGIdb;OpenTargets;Pharos	3		APPROVED	ORAL	NONE		NONE		REFERENCED					NOT_SCORED	NOT_SCORED		3	ISOCARBOXAZID;isocarboxazid	2	NOT_IN_SIG75			ADH7	MAOA	KEGG;STRING	WRONG DIRECTION: gene_direction=DOWN vs action_types=INHIBITOR;inhibitor
	B	PHENELZINE SULFATE	PHENELZINE SULFATE	CHEMBL1200895	MAOA	MAOA	DOWN	DOWN	-0.0326388502651081	0.9417413281920496	neighbour_direction	MEASURED_NS	INHIBITOR;inhibitor	DGIdb;OpenTargets	2		APPROVED	ORAL	NONE		NONE		REFERENCED					NOT_SCORED	NOT_SCORED		2	PHENELZINE SULFATE	1	NOT_IN_SIG75			ADH7	MAOA	KEGG;STRING	WRONG DIRECTION: gene_direction=DOWN vs action_types=INHIBITOR;inhibitor
	B	SELEGILINE	SELEGILINE	CHEMBL972	MAOA	MAOA	DOWN	DOWN	-0.0326388502651081	0.9417413281920496	neighbour_direction	MEASURED_NS	inhibitor	DGIdb;Pharos	2		APPROVED	ORAL	NONE		NONE		REFERENCED					NOT_SCORED	NOT_SCORED		2	SELEGILINE;selegiline	2	NOT_IN_SIG75			ADH7	MAOA	KEGG;STRING	WRONG DIRECTION: gene_direction=DOWN vs action_types=inhibitor
	B	LINEZOLID	LINEZOLID	CHEMBL126	MAOA	MAOA	DOWN	DOWN	-0.0326388502651081	0.9417413281920496	neighbour_direction	MEASURED_NS	inhibitor	DGIdb	1		APPROVED	ORAL	NONE		NONE		REFERENCED					NOT_SCORED	NOT_SCORED		1	LINEZOLID	1	NOT_IN_SIG75			ADH7	MAOA	KEGG;STRING	WRONG DIRECTION: gene_direction=DOWN vs action_types=inhibitor
	B	PHENELZINE	PHENELZINE	CHEMBL1089	CYP2C8	CYP2C8	DOWN	DOWN	-0.3699245441091163	0.1360095304931954	neighbour_direction	MEASURED_NS	inhibitor	DGIdb;Pharos	2		APPROVED	ORAL	NONE		NONE		MECHANISM UNSUPPORTED					NOT_SCORED	NOT_SCORED		4	PHENELZINE;phenelzine	2	NOT_IN_SIG75			CYP3A7;UGT1A8	CYP2C8	KEGG;Reactome;STRING	WRONG DIRECTION: gene_direction=DOWN vs action_types=inhibitor
	B	VOXELOTOR	VOXELOTOR	CHEMBL4101807	CYP2C8	CYP2C8	DOWN	DOWN	-0.3699245441091163	0.1360095304931954	neighbour_direction	MEASURED_NS	inhibitor	DGIdb	1		APPROVED	ORAL	NONE		NONE		REFERENCED					NOT_SCORED	NOT_SCORED		2	VOXELOTOR	1	NOT_IN_SIG75			CYP3A7;UGT1A8	CYP2C8	KEGG;Reactome;STRING	WRONG DIRECTION: gene_direction=DOWN vs action_types=inhibitor
	B	VOXELOTOR	VOXELOTOR	CHEMBL4101807	CYP2C9	CYP2C9	DOWN	DOWN	-0.0997235804889368	0.7440603726132602	neighbour_direction	MEASURED_NS	inhibitor	DGIdb	1		APPROVED	ORAL	NONE		NONE		REFERENCED					NOT_SCORED	NOT_SCORED		3	VOXELOTOR	1	NOT_IN_SIG75			CYP3A7;MGST3;UGT1A8	CYP2C9	KEGG;Reactome;STRING	WRONG DIRECTION: gene_direction=DOWN vs action_types=inhibitor
	B	VOXELOTOR	VOXELOTOR	CHEMBL4101807	HBA2	HBA2	UP	UP	0.5036663370644991	0.6637131148921789	neighbour_direction	MEASURED_NS	POSITIVE MODULATOR;positive modulator	DGIdb;OpenTargets	2		APPROVED	ORAL	NONE		NONE		REFERENCED					NOT_SCORED	NOT_SCORED		2	VOXELOTOR	1	NOT_IN_SIG75			HBB	HBA2	KEGG;Reactome;STRING	WRONG DIRECTION: gene_direction=UP vs action_types=POSITIVE MODULATOR;positive modulator
	B	DABRAFENIB MESYLATE	DABRAFENIB MESYLATE	CHEMBL2105729	BRAF	BRAF	DOWN	DOWN	-0.2087609044620239	0.0430547285474076	neighbour_direction	SIGNIFICANT	INHIBITOR;inhibitor	ChEMBL;DGIdb;OpenTargets	3		APPROVED	ORAL	NONE		NONE		REFERENCED					NOT_SCORED	NOT_SCORED		3	DABRAFENIB MESYLATE	1	NOT_IN_SIG75			MRAS	BRAF	KEGG;Reactome;STRING	WRONG DIRECTION: gene_direction=DOWN vs action_types=INHIBITOR;inhibitor
	B	DABRAFENIB	DABRAFENIB	CHEMBL2028663	BRAF	BRAF	DOWN	DOWN	-0.2087609044620239	0.0430547285474076	neighbour_direction	SIGNIFICANT	INHIBITOR;inhibitor	DGIdb;OpenTargets;Pharos	3		APPROVED	ORAL	NONE		NONE		MECHANISM UNSUPPORTED					NOT_SCORED	NOT_SCORED		3	DABRAFENIB;dabrafenib	2	NOT_IN_SIG75			MRAS	BRAF	KEGG;Reactome;STRING	WRONG DIRECTION: gene_direction=DOWN vs action_types=INHIBITOR;inhibitor
	B	ALPELISIB	ALPELISIB	CHEMBL2396661	PIK3CA	PIK3CA	DOWN	DOWN	-0.0142513513979925	0.9630665411293512	neighbour_direction	MEASURED_NS	INHIBITOR;inhibitor	ChEMBL;DGIdb;OpenTargets;Pharos	4		APPROVED	ORAL	NONE		NONE		REFERENCED					NOT_SCORED	NOT_SCORED		4	ALPELISIB;alpelisib	2	NOT_IN_SIG75			MRAS	PIK3CA	KEGG;STRING	WRONG DIRECTION: gene_direction=DOWN vs action_types=INHIBITOR;inhibitor
	B	INAVOLISIB	INAVOLISIB	CHEMBL4650215	PIK3CA	PIK3CA	DOWN	DOWN	-0.0142513513979925	0.9630665411293512	neighbour_direction	MEASURED_NS	INHIBITOR;inhibitor	ChEMBL;DGIdb;OpenTargets	3		APPROVED	ORAL	NONE		NONE		MECHANISM UNSUPPORTED					NOT_SCORED	NOT_SCORED		5	INAVOLISIB	1	NOT_IN_SIG75			MRAS	PIK3CA	KEGG;STRING	WRONG DIRECTION: gene_direction=DOWN vs action_types=INHIBITOR;inhibitor
	B	LENIOLISIB	LENIOLISIB	CHEMBL3643413	PIK3CA	PIK3CA	DOWN	DOWN	-0.0142513513979925	0.9630665411293512	neighbour_direction	MEASURED_NS	inhibitor	DGIdb	1		APPROVED	ORAL	NONE		NONE		REFERENCED					NOT_SCORED	NOT_SCORED		1	LENIOLISIB	1	NOT_IN_SIG75			MRAS	PIK3CA	KEGG;STRING	WRONG DIRECTION: gene_direction=DOWN vs action_types=inhibitor
	B	LENIOLISIB PHOSPHATE	LENIOLISIB PHOSPHATE	CHEMBL3989909	PIK3CD	PIK3CD	DOWN	DOWN	-0.1222408459079111	0.8089357575868508	neighbour_direction	MEASURED_NS	INHIBITOR;inhibitor	ChEMBL;DGIdb;OpenTargets	3		APPROVED	ORAL	NONE		NONE		REFERENCED					NOT_SCORED	NOT_SCORED		3	LENIOLISIB PHOSPHATE	1	NOT_IN_SIG75			MRAS	PIK3CD	KEGG;STRING	WRONG DIRECTION: gene_direction=DOWN vs action_types=INHIBITOR;inhibitor
	B	LENIOLISIB	LENIOLISIB	CHEMBL3643413	PIK3CD	PIK3CD	DOWN	DOWN	-0.1222408459079111	0.8089357575868508	neighbour_direction	MEASURED_NS	INHIBITOR;inhibitor	ChEMBL;DGIdb;OpenTargets	3		APPROVED	ORAL	NONE		NONE		REFERENCED					NOT_SCORED	NOT_SCORED		3	LENIOLISIB	1	NOT_IN_SIG75			MRAS	PIK3CD	KEGG;STRING	WRONG DIRECTION: gene_direction=DOWN vs action_types=INHIBITOR;inhibitor
	B	ALPELISIB	ALPELISIB	CHEMBL2396661	PIK3CD	PIK3CD	DOWN	DOWN	-0.1222408459079111	0.8089357575868508	neighbour_direction	MEASURED_NS	inhibitor	DGIdb;Pharos	2		APPROVED	ORAL	NONE		NONE		REFERENCED					NOT_SCORED	NOT_SCORED		2	ALPELISIB;alpelisib	2	NOT_IN_SIG75			MRAS	PIK3CD	KEGG;STRING	WRONG DIRECTION: gene_direction=DOWN vs action_types=inhibitor
	B	INAVOLISIB	INAVOLISIB	CHEMBL4650215	PIK3CD	PIK3CD	DOWN	DOWN	-0.1222408459079111	0.8089357575868508	neighbour_direction	MEASURED_NS	inhibitor	DGIdb	1		APPROVED	ORAL	NONE		NONE		MECHANISM UNSUPPORTED					NOT_SCORED	NOT_SCORED		1	INAVOLISIB	1	NOT_IN_SIG75			MRAS	PIK3CD	KEGG;STRING	WRONG DIRECTION: gene_direction=DOWN vs action_types=inhibitor
	B	RIPRETINIB	RIPRETINIB	CHEMBL4216467	KIT	KIT	DOWN	DOWN	-0.1439242193209553	0.6128847680659042	neighbour_direction	MEASURED_NS	INHIBITOR;inhibitor	DGIdb;OpenTargets;Pharos	3		APPROVED	ORAL	NONE		NONE		REFERENCED					NOT_SCORED	NOT_SCORED		4	RIPRETINIB;ripretinib	2	NOT_IN_SIG75			PTPRU	KIT	Reactome;STRING	WRONG DIRECTION: gene_direction=DOWN vs action_types=INHIBITOR;inhibitor
	B	AVAPRITINIB	AVAPRITINIB	CHEMBL4204794	KIT	KIT	DOWN	DOWN	-0.1439242193209553	0.6128847680659042	neighbour_direction	MEASURED_NS	INHIBITOR;inhibitor	DGIdb;OpenTargets;Pharos	3		APPROVED	ORAL	NONE		NONE		REFERENCED					NOT_SCORED	NOT_SCORED		4	AVAPRITINIB;avapritinib	2	NOT_IN_SIG75			PTPRU	KIT	Reactome;STRING	WRONG DIRECTION: gene_direction=DOWN vs action_types=INHIBITOR;inhibitor
