gene_set	symbol	ensembl_gene_id	pooled_log2FC	padj	I2	k_cohorts	direction	lowcount_verdict
core	CYP3A4	ENSG00000160868	-0.6280901975330214	4.500904670605407e-07	2.598897125653866	8	DOWN	PASS
core	OAT	ENSG00000065154	-0.5843297944530264	1.7989910820048985e-06	15.405251351545765	8	DOWN	PASS
core	KRTCAP3	ENSG00000157992	-0.5358814467982033	1.6362155245286014e-05	28.01606529113593	8	DOWN	PASS
core	VIL1	ENSG00000127831	-1.0660989105007537	9.060767811840684e-05	53.09556539850448	8	DOWN	PASS
core	DEFB1	ENSG00000164825	0.5263563586029099	0.0003225635033602	34.23798394838447	8	UP	PASS
core	DBNDD1	ENSG00000003249	0.7389140559263514	0.0004817054123578	56.66535659707908	8	UP	PASS
core	MACROH2A2	ENSG00000099284	0.9128486069199404	0.0013312956855236	88.09879416191401	8	UP	PASS
core	CENPV	ENSG00000166582	-0.5651701044580769	0.0013820001669828	78.31451474400967	8	DOWN	PASS
core	GPR88	ENSG00000181656	-0.9759835442968406	0.001671919701562	44.92010097627413	8	DOWN	PASS
core	FAT1	ENSG00000083857	0.838942535785353	0.0019407244632336	82.51170072975077	8	UP	PASS
core	CDNF	ENSG00000185267	-0.5695372026343319	0.002335400183365	71.06799903864534	8	DOWN	PASS
core	RNASE1	ENSG00000129538	0.5076602684666187	0.0027890621550233	39.64695306614328	8	UP	PASS
core	SYT12	ENSG00000173227	0.5049642807126862	0.0029499185971017	28.26604830992784	8	UP	PASS
core	CTNNA3	ENSG00000183230	-0.7036210112300026	0.003250477910211	41.62536679541047	8	DOWN	PASS
core	PGAP4	ENSG00000165152	0.7491470715238866	0.0034513430591556	81.52631249674904	8	UP	PASS
core	CHST9	ENSG00000154080	0.9953074701141148	0.0063226554434507	83.22334861570974	8	UP	PASS
core	LOXL4	ENSG00000138131	1.1964417716830118	0.0069688882467341	78.48308561754556	8	UP	PASS
core	CDHR2	ENSG00000074276	0.6875465370252654	0.0074287519586777	67.450450960638	8	UP	PASS
core	CYP4F22	ENSG00000171954	0.7806826157912207	0.0074287519586777	74.98611656104094	8	UP	PASS
core	DHRS9	ENSG00000073737	0.7362335217694895	0.0083922267144667	62.956542251511415	7	UP	PASS
core	CXCL9	ENSG00000138755	1.0437517206804587	0.0084036632022302	71.16641584368008	8	UP	PASS
core	ACVR1C	ENSG00000123612	-0.5450686095096671	0.0089187635558042	66.37102857069503	8	DOWN	PASS
core	ENO3	ENSG00000108515	0.7805451824858873	0.0097169339096898	78.22095550196696	8	UP	PASS
core	CYP2C19	ENSG00000165841	-1.2716672283668258	0.011819963325339	71.41706784325221	8	DOWN	PASS
core	SLCO1A2	ENSG00000084453	-1.2548184427341145	0.0123484192435601	77.96746061788869	8	DOWN	PASS
core	SLITRK3	ENSG00000121871	-0.9357301427478764	0.0124588397023486	45.42569878307637	8	DOWN	PASS
core	GALNT18	ENSG00000110328	0.5775672080918638	0.0126530361304067	78.46351047706783	8	UP	PASS
core	ASPA	ENSG00000108381	-0.624392026717649	0.0134195008804234	73.3384488033366	8	DOWN	PASS
core	GOLM1	ENSG00000135052	0.5475224929925849	0.0134195008804234	59.25707923581186	8	UP	PASS
core	SYT7	ENSG00000011347	0.7985970396983345	0.0156337508774361	79.80242156069953	8	UP	PASS
core	TENM3	ENSG00000218336	-0.5871583303332156	0.0158904772778585	16.797160137707195	7	DOWN	PASS
core	PTPRU	ENSG00000060656	0.6023751776437796	0.0158904772778585	77.76220226737792	8	UP	PASS
core	OLFM2	ENSG00000105088	0.986180957855436	0.0159840715256061	77.77327423063464	8	UP	PASS
core	MRAS	ENSG00000158186	0.8002668068585854	0.0161754697501623	89.11682698072939	8	UP	PASS
core	FNDC5	ENSG00000160097	1.1272431468642672	0.0161754697501623	87.04187291468749	8	UP	PASS
core	DHRS7	ENSG00000100612	0.5438970177727833	0.0167051650121285	83.14056625517678	8	UP	PASS
core	SLC16A13	ENSG00000174327	0.7374968001270589	0.0179641029970984	82.07014077489173	8	UP	PASS
core	NUDT13	ENSG00000166321	-0.6882002131616255	0.0184146931854835	86.21939475364697	8	DOWN	PASS
core	SLAMF8	ENSG00000158714	0.6282534064570762	0.0184146931854835	60.05117845994376	8	UP	PASS
core	FBXO2	ENSG00000116661	0.7796662220287613	0.022133806793859	80.25954404115087	8	UP	PASS
core	SULF2	ENSG00000196562	0.5720853081613828	0.0254438119003412	80.06826364375598	8	UP	PASS
core	TRPV4	ENSG00000111199	0.552685641158226	0.0290598360121726	74.5963695295088	8	UP	PASS
core	DNAJC12	ENSG00000108176	-0.5974616657677446	0.0390020227823241	84.73063226157277	8	DOWN	PASS
core	ISM1	ENSG00000101230	0.8198254092179414	0.0390020227823241	82.10257292464246	8	UP	PASS
core	ME1	ENSG00000065833	0.5842860887603037	0.0425766128221602	72.68483831978173	8	UP	PASS
core	IGFBP2	ENSG00000115457	-1.35008811010946	0.0441744717512544	89.50124678448523	8	DOWN	PASS
signature	CYP3A4	ENSG00000160868	-0.6280901975330214	4.500904670605407e-07	2.598897125653866	8	DOWN	PASS
signature	ASB4	ENSG00000005981	-0.5492508413049835	1.568868339432578e-06	0.0	6	DOWN	PASS
signature	OAT	ENSG00000065154	-0.5843297944530264	1.7989910820048985e-06	15.405251351545765	8	DOWN	PASS
signature	GRID1	ENSG00000182771	0.7541583690327247	2.6446868536851488e-06	0.0	8	UP	PASS
signature	STXBP6	ENSG00000168952	-0.5302396666251964	5.714038026998315e-06	20.764836634062284	8	DOWN	PASS
signature	KRTCAP3	ENSG00000157992	-0.5358814467982033	1.6362155245286014e-05	28.01606529113593	8	DOWN	PASS
signature	CNKSR2	ENSG00000149970	-0.6460046466368686	1.8995656210286413e-05	30.696838866460947	8	DOWN	PASS
signature	RTN1	ENSG00000139970	0.5027268106613205	1.976490451100136e-05	0.0	8	UP	PASS
signature	VIL1	ENSG00000127831	-1.0660989105007537	9.060767811840684e-05	53.09556539850448	8	DOWN	PASS
signature	DEFB1	ENSG00000164825	0.5263563586029099	0.0003225635033602	34.23798394838447	8	UP	PASS
signature	DBNDD1	ENSG00000003249	0.7389140559263514	0.0004817054123578	56.66535659707908	8	UP	PASS
signature	PRAMEF10	ENSG00000187545	3.2511993264281824	0.0011701294658557	81.63340049708803	6	UP	LOW_COUNT_ARTEFACT
signature	MACROH2A2	ENSG00000099284	0.9128486069199404	0.0013312956855236	88.09879416191401	8	UP	PASS
signature	CENPV	ENSG00000166582	-0.5651701044580769	0.0013820001669828	78.31451474400967	8	DOWN	PASS
signature	ERICH3	ENSG00000178965	-0.5317097763197679	0.0016076658840099	0.0	4	DOWN	LOW_COUNT_ARTEFACT
signature	GPR158	ENSG00000151025	-0.9547873337224008	0.001671919701562	24.460063195433825	4	DOWN	LOW_COUNT_ARTEFACT
signature	CXXC4	ENSG00000168772	-0.7419347599924586	0.001671919701562	53.57679083196667	8	DOWN	PASS
signature	GPR88	ENSG00000181656	-0.9759835442968406	0.001671919701562	44.92010097627413	8	DOWN	PASS
signature	FAT1	ENSG00000083857	0.838942535785353	0.0019407244632336	82.51170072975077	8	UP	PASS
signature	CDNF	ENSG00000185267	-0.5695372026343319	0.002335400183365	71.06799903864534	8	DOWN	PASS
signature	RNASE1	ENSG00000129538	0.5076602684666187	0.0027890621550233	39.64695306614328	8	UP	PASS
signature	SYT12	ENSG00000173227	0.5049642807126862	0.0029499185971017	28.26604830992784	8	UP	PASS
signature	CTNNA3	ENSG00000183230	-0.7036210112300026	0.003250477910211	41.62536679541047	8	DOWN	PASS
signature	PLP1	ENSG00000123560	-1.0562549803523418	0.0033602907123791	36.37036576473582	7	DOWN	LOW_COUNT_ARTEFACT
signature	PGAP4	ENSG00000165152	0.7491470715238866	0.0034513430591556	81.52631249674904	8	UP	PASS
signature	TREM2	ENSG00000095970	2.2420952319518728	0.0063226554434507	87.4426668439879	6	UP	LOW_COUNT_ARTEFACT
signature	CHST9	ENSG00000154080	0.9953074701141148	0.0063226554434507	83.22334861570974	8	UP	PASS
signature	NRK	ENSG00000123572	-0.5206424205855393	0.0065112864125139	0.0	4	DOWN	LOW_COUNT_ARTEFACT
signature	LOXL4	ENSG00000138131	1.1964417716830118	0.0069688882467341	78.48308561754556	8	UP	PASS
signature	CDHR2	ENSG00000074276	0.6875465370252654	0.0074287519586777	67.450450960638	8	UP	PASS
signature	CYP4F22	ENSG00000171954	0.7806826157912207	0.0074287519586777	74.98611656104094	8	UP	PASS
signature	DHRS9	ENSG00000073737	0.7362335217694895	0.0083922267144667	62.956542251511415	7	UP	PASS
signature	CXCL9	ENSG00000138755	1.0437517206804587	0.0084036632022302	71.16641584368008	8	UP	PASS
signature	ACVR1C	ENSG00000123612	-0.5450686095096671	0.0089187635558042	66.37102857069503	8	DOWN	PASS
signature	ENO3	ENSG00000108515	0.7805451824858873	0.0097169339096898	78.22095550196696	8	UP	PASS
signature	NEGR1	ENSG00000172260	-1.0933009783241363	0.0101965746434217	61.303105063724296	6	DOWN	LOW_COUNT_ARTEFACT
signature	GPM6B	ENSG00000046653	-0.6165866689022463	0.0116576387516919	55.3728078053932	8	DOWN	PASS
signature	CYP2C19	ENSG00000165841	-1.2716672283668258	0.011819963325339	71.41706784325221	8	DOWN	PASS
signature	SLCO1A2	ENSG00000084453	-1.2548184427341145	0.0123484192435601	77.96746061788869	8	DOWN	PASS
signature	SLITRK3	ENSG00000121871	-0.9357301427478764	0.0124588397023486	45.42569878307637	8	DOWN	PASS
signature	GALNT18	ENSG00000110328	0.5775672080918638	0.0126530361304067	78.46351047706783	8	UP	PASS
signature	ASPA	ENSG00000108381	-0.624392026717649	0.0134195008804234	73.3384488033366	8	DOWN	PASS
signature	GOLM1	ENSG00000135052	0.5475224929925849	0.0134195008804234	59.25707923581186	8	UP	PASS
signature	PLPP4	ENSG00000203805	0.5545082073664016	0.0147228473040395	27.38867212553738	6	UP	LOW_COUNT_ARTEFACT
signature	SYT7	ENSG00000011347	0.7985970396983345	0.0156337508774361	79.80242156069953	8	UP	PASS
signature	TENM3	ENSG00000218336	-0.5871583303332156	0.0158904772778585	16.797160137707195	7	DOWN	PASS
signature	PTPRU	ENSG00000060656	0.6023751776437796	0.0158904772778585	77.76220226737792	8	UP	PASS
signature	OLFM2	ENSG00000105088	0.986180957855436	0.0159840715256061	77.77327423063464	8	UP	PASS
signature	MRAS	ENSG00000158186	0.8002668068585854	0.0161754697501623	89.11682698072939	8	UP	PASS
signature	FNDC5	ENSG00000160097	1.1272431468642672	0.0161754697501623	87.04187291468749	8	UP	PASS
signature	DHRS7	ENSG00000100612	0.5438970177727833	0.0167051650121285	83.14056625517678	8	UP	PASS
signature	SLC16A13	ENSG00000174327	0.7374968001270589	0.0179641029970984	82.07014077489173	8	UP	PASS
signature	NUDT13	ENSG00000166321	-0.6882002131616255	0.0184146931854835	86.21939475364697	8	DOWN	PASS
signature	SLAMF8	ENSG00000158714	0.6282534064570762	0.0184146931854835	60.05117845994376	8	UP	PASS
signature	MB	ENSG00000198125	1.247964443894488	0.020326367773803	67.21793830094319	4	UP	LOW_COUNT_ARTEFACT
signature	GDF9	ENSG00000164404	-0.6354591773541116	0.020506422342782	51.06546978887633	6	DOWN	LOW_COUNT_ARTEFACT
signature	NUP62CL	ENSG00000198088	-0.7006442299567338	0.0217700114425769	66.69402837699793	6	DOWN	LOW_COUNT_ARTEFACT
signature	FBXO2	ENSG00000116661	0.7796662220287613	0.022133806793859	80.25954404115087	8	UP	PASS
signature	ASXL3	ENSG00000141431	-0.6501839593801235	0.0222977190981356	67.85436579864194	8	DOWN	PASS
signature	TSPAN5	ENSG00000168785	-0.8140590525117153	0.0243138368285131	79.86495733983536	8	DOWN	PASS
signature	CPNE6	ENSG00000100884	-1.3342035910524723	0.0254438119003412	63.70421926048348	4	DOWN	LOW_COUNT_ARTEFACT
signature	SULF2	ENSG00000196562	0.5720853081613828	0.0254438119003412	80.06826364375598	8	UP	PASS
signature	LRRC31	ENSG00000114248	0.7009507489794385	0.028952180275714	71.11248280601744	8	UP	PASS
signature	TRPV4	ENSG00000111199	0.552685641158226	0.0290598360121726	74.5963695295088	8	UP	PASS
signature	XKR4	ENSG00000206579	-0.6304326330857354	0.0290598360121726	7.116982201519473	4	DOWN	LOW_COUNT_ARTEFACT
signature	HOXA3	ENSG00000105997	-0.7855362047669524	0.0319407242306169	68.03611232494481	6	DOWN	LOW_COUNT_ARTEFACT
signature	PCSK2	ENSG00000125851	-1.0878052271698595	0.0369812895200442	45.0955290633142	4	DOWN	LOW_COUNT_ARTEFACT
signature	DNAJC12	ENSG00000108176	-0.5974616657677446	0.0390020227823241	84.73063226157277	8	DOWN	PASS
signature	ISM1	ENSG00000101230	0.8198254092179414	0.0390020227823241	82.10257292464246	8	UP	PASS
signature	NRXN1	ENSG00000179915	-0.9500048865807772	0.0407650418049044	47.03061042479214	5	DOWN	LOW_COUNT_ARTEFACT
signature	MEI4	ENSG00000269964	-0.5355079923493185	0.0411739429332921	2.896269799043406	6	DOWN	LOW_COUNT_ARTEFACT
signature	ME1	ENSG00000065833	0.5842860887603037	0.0425766128221602	72.68483831978173	8	UP	PASS
signature	IGFBP2	ENSG00000115457	-1.35008811010946	0.0441744717512544	89.50124678448523	8	DOWN	PASS
panel	OAT	ENSG00000065154	-0.5843297944530264	1.7989910820048985e-06	15.405251351545765	8	DOWN	PASS
panel	ENO3	ENSG00000108515	0.7805451824858873	0.0097169339096898	78.22095550196696	8	UP	PASS
panel	FBXO2	ENSG00000116661	0.7796662220287613	0.022133806793859	80.25954404115087	8	UP	PASS
panel	CYP3A4	ENSG00000160868	-0.6280901975330214	4.500904670605407e-07	2.598897125653866	8	DOWN	PASS
panel	POMGNT1	ENSG00000085998	0.2454932450130749	1.4949072997752664e-06	0.0	8	UP	
panel	KRTCAP3	ENSG00000157992	-0.5358814467982033	1.6362155245286014e-05	28.01606529113593	8	DOWN	PASS
panel	VIL1	ENSG00000127831	-1.0660989105007537	9.060767811840684e-05	53.09556539850448	8	DOWN	PASS
panel	DEFB1	ENSG00000164825	0.5263563586029099	0.0003225635033602	34.23798394838447	8	UP	PASS
panel	MACROH2A2	ENSG00000099284	0.9128486069199404	0.0013312956855236	88.09879416191401	8	UP	PASS
panel	MGST3	ENSG00000143198	-0.2082189559189549	0.0013312956855236	0.0	8	DOWN	
panel	CTNNA3	ENSG00000183230	-0.7036210112300026	0.003250477910211	41.62536679541047	8	DOWN	PASS
panel	PGAP4	ENSG00000165152	0.7491470715238866	0.0034513430591556	81.52631249674904	8	UP	PASS
early	TREM2	ENSG00000095970	2.098652629461579	1.0559691651322361e-13	0.0	3	UP	LOW_COUNT_ARTEFACT
early	CDHR2	ENSG00000074276	0.9341094864397296	1.5602774743553611e-09	18.610517015402724	4	UP	PASS
early	SYT12	ENSG00000173227	0.7691418357802153	1.4314720266261706e-07	0.0	4	UP	PASS
early	TTBK1	ENSG00000146216	0.7792441706323134	1.0698054647209326e-06	0.0	3	UP	
early	ALDH4A1	ENSG00000159423	0.5154250058624623	7.176527145182405e-05	28.404743835649622	4	UP	
early	CYP3A4	ENSG00000160868	-0.5554136393184664	8.025838209650553e-05	0.0	4	DOWN	PASS
early	HLA-DQB2	ENSG00000232629	1.0460364146145014	0.0001423823715222	0.0	3	UP	
early	GRID1	ENSG00000182771	0.6407407955418455	0.0025344573067583	0.0	4	UP	PASS
early	RNASE1	ENSG00000129538	0.5076650550035804	0.0029297554849767	0.0	4	UP	PASS
early	MAEL	ENSG00000143194	-0.8143259422393293	0.0041444360249386	0.0	3	DOWN	
early	ERICH2	ENSG00000204334	-0.541168647964624	0.0043366160612406	0.0	3	DOWN	
early	GDF9	ENSG00000164404	-0.8212041914856932	0.005525774797614	39.38063820438641	3	DOWN	LOW_COUNT_ARTEFACT
early	HBB	ENSG00000244734	0.9278905768887094	0.006873882334939	29.80237780576866	4	UP	
early	CYP3A7	ENSG00000160870	-0.5766371606697673	0.0099327149322592	9.999589634546064	4	DOWN	
early	ARID3C	ENSG00000205143	0.5561014506461684	0.0099327149322592	56.23469000735994	4	UP	
early	ANKAR	ENSG00000151687	-0.5294515244731988	0.0100747741470904	61.03213398823173	4	DOWN	
early	SERINC2	ENSG00000168528	0.6912430651009617	0.0101648963814436	72.44701490958317	4	UP	
early	CNKSR2	ENSG00000149970	-0.5828874401331464	0.0138798157169407	51.79850536038357	4	DOWN	PASS
early	CDNF	ENSG00000185267	-0.6375410210314247	0.0143559220600958	75.85096572023686	4	DOWN	PASS
early	ZNF385B	ENSG00000144331	-0.5134832723167401	0.0143559220600958	61.00118114803965	4	DOWN	
early	NLRX1	ENSG00000160703	0.533352829722202	0.0144415103601128	74.82479228218791	4	UP	
early	ENO3	ENSG00000108515	0.9679034773668856	0.0144415103601128	81.05442867335523	4	UP	PASS
early	PRAMEF10	ENSG00000187545	1.701224951115193	0.015343564377861	57.35541797027754	4	UP	LOW_COUNT_ARTEFACT
early	PCSK6	ENSG00000140479	0.5008613426746144	0.0239402048114326	75.59685422155752	4	UP	
early	CYP4F22	ENSG00000171954	0.7105931961916904	0.0456539385800597	68.69657420739685	4	UP	PASS
