symbol	ensembl_gene_id	median_cpm	frac_detected	mean_count	verdict	flagged_by_O3_5
CYP3A4	ENSG00000160868	2205.9221	1.0	51140.09	PASS	False
ASB4	ENSG00000005981	1.6647	0.9769	79.58	PASS	False
OAT	ENSG00000065154	77.3432	1.0	1989.47	PASS	False
GRID1	ENSG00000182771	2.0084	0.9818	66.85	PASS	True
STXBP6	ENSG00000168952	1.6192	0.995	50.88	PASS	False
KRTCAP3	ENSG00000157992	2.6995	1.0	69.26	PASS	False
CNKSR2	ENSG00000149970	1.8447	0.9967	64.05	PASS	False
RTN1	ENSG00000139970	1.565	0.9983	50.15	PASS	False
VIL1	ENSG00000127831	10.8306	1.0	426.68	PASS	False
DEFB1	ENSG00000164825	29.9882	1.0	830.11	PASS	False
DBNDD1	ENSG00000003249	2.7733	1.0	78.22	PASS	False
PRAMEF10	ENSG00000187545	0.3953	0.8083	40.93	LOW_COUNT_ARTEFACT	True
MACROH2A2	ENSG00000099284	6.455	1.0	146.94	PASS	False
CENPV	ENSG00000166582	16.0143	1.0	374.38	PASS	False
ERICH3	ENSG00000178965	0.7387	0.9421	19.38	LOW_COUNT_ARTEFACT	False
GPR158	ENSG00000151025	0.2584	0.8711	9.56	LOW_COUNT_ARTEFACT	False
CXXC4	ENSG00000168772	1.8908	0.9868	80.33	PASS	False
GPR88	ENSG00000181656	3.6993	0.9967	126.98	PASS	True
FAT1	ENSG00000083857	53.7881	1.0	1824.46	PASS	False
CDNF	ENSG00000185267	3.4232	0.9983	83.66	PASS	False
RNASE1	ENSG00000129538	11.2728	1.0	305.99	PASS	False
SYT12	ENSG00000173227	12.9578	1.0	337.16	PASS	False
CTNNA3	ENSG00000183230	5.8575	0.9901	283.83	PASS	False
PLP1	ENSG00000123560	0.3416	0.8331	18.82	LOW_COUNT_ARTEFACT	True
PGAP4	ENSG00000165152	4.1955	0.9983	113.56	PASS	False
TREM2	ENSG00000095970	0.7104	0.957	34.31	LOW_COUNT_ARTEFACT	False
CHST9	ENSG00000154080	8.2804	1.0	247.09	PASS	False
NRK	ENSG00000123572	0.1556	0.6777	55.49	LOW_COUNT_ARTEFACT	False
LOXL4	ENSG00000138131	3.086	1.0	144.9	PASS	False
CDHR2	ENSG00000074276	56.0105	1.0	1395.25	PASS	False
CYP4F22	ENSG00000171954	5.9201	1.0	166.02	PASS	False
DHRS9	ENSG00000073737	2.3113	0.9934	112.95	PASS	False
CXCL9	ENSG00000138755	11.7598	0.9983	487.84	PASS	False
ACVR1C	ENSG00000123612	3.9591	1.0	107.84	PASS	False
ENO3	ENSG00000108515	137.0134	1.0	3995.27	PASS	False
NEGR1	ENSG00000172260	0.373	0.886	312.23	LOW_COUNT_ARTEFACT	True
GPM6B	ENSG00000046653	1.1397	0.957	64.7	PASS	False
CYP2C19	ENSG00000165841	11.2248	0.9835	2150.22	PASS	False
SLCO1A2	ENSG00000084453	2.6026	0.9669	467.17	PASS	False
SLITRK3	ENSG00000121871	1.6375	0.9636	94.73	PASS	True
GALNT18	ENSG00000110328	11.223	1.0	286.82	PASS	False
ASPA	ENSG00000108381	8.065	1.0	377.34	PASS	False
GOLM1	ENSG00000135052	20.1502	1.0	621.89	PASS	False
PLPP4	ENSG00000203805	0.6571	0.9851	17.51	LOW_COUNT_ARTEFACT	False
SYT7	ENSG00000011347	90.6371	1.0	2269.51	PASS	False
TENM3	ENSG00000218336	1.0327	0.9355	53.66	PASS	False
PTPRU	ENSG00000060656	17.7824	1.0	428.33	PASS	False
OLFM2	ENSG00000105088	24.6072	1.0	892.39	PASS	False
MRAS	ENSG00000158186	7.0763	1.0	182.16	PASS	False
FNDC5	ENSG00000160097	44.6357	1.0	1326.24	PASS	False
DHRS7	ENSG00000100612	84.6876	1.0	1892.45	PASS	False
SLC16A13	ENSG00000174327	19.6302	1.0	517.98	PASS	False
NUDT13	ENSG00000166321	4.1651	0.9983	122.12	PASS	False
SLAMF8	ENSG00000158714	2.5	0.9967	71.94	PASS	False
MB	ENSG00000198125	0.6601	0.9554	28.66	LOW_COUNT_ARTEFACT	False
GDF9	ENSG00000164404	0.5377	0.9719	13.93	LOW_COUNT_ARTEFACT	False
NUP62CL	ENSG00000198088	0.5802	0.9802	18.39	LOW_COUNT_ARTEFACT	False
FBXO2	ENSG00000116661	13.7237	1.0	392.47	PASS	False
ASXL3	ENSG00000141431	1.2588	0.9851	78.77	PASS	False
TSPAN5	ENSG00000168785	1.2243	0.9934	42.03	PASS	False
CPNE6	ENSG00000100884	0.352	0.886	18.6	LOW_COUNT_ARTEFACT	True
SULF2	ENSG00000196562	53.3743	1.0	1193.69	PASS	False
LRRC31	ENSG00000114248	4.9037	0.9967	130.11	PASS	False
TRPV4	ENSG00000111199	8.2934	1.0	206.37	PASS	False
XKR4	ENSG00000206579	0.1097	0.6843	42.64	LOW_COUNT_ARTEFACT	False
HOXA3	ENSG00000105997	0.3619	0.9405	11.02	LOW_COUNT_ARTEFACT	False
PCSK2	ENSG00000125851	0.1813	0.7603	23.14	LOW_COUNT_ARTEFACT	False
DNAJC12	ENSG00000108176	18.5278	1.0	471.83	PASS	False
ISM1	ENSG00000101230	7.1603	1.0	178.34	PASS	False
NRXN1	ENSG00000179915	0.2719	0.8182	28.71	LOW_COUNT_ARTEFACT	False
MEI4	ENSG00000269964	0.8404	0.9438	29.0	LOW_COUNT_ARTEFACT	False
ME1	ENSG00000065833	16.3823	1.0	458.17	PASS	False
IGFBP2	ENSG00000115457	44.9026	1.0	1679.36	PASS	False
