drug_name_canonical	target	mechanism_at_target	concordance	reference	curation_note
OPICAPONE	COMT	Catechol O-methyltransferase inhibitor	CONCORDANT	FDA label 212489-s000 (2020)	target-specific reference from the pipeline (ref_scope TARGET_SPECIFIC)
ENTACAPONE	COMT	Catechol O-methyltransferase inhibitor	CONCORDANT	DailyMed:setid=95976f1d-1b36-4f08-a98f-36d5d7883d7b	target-specific reference from the pipeline
AFATINIB	EGFR	EGFR (ErbB1) tyrosine kinase inhibitor	CONCORDANT	DailyMed:fd638e5e-8032-e7ca-0179-95e96ab5d387	target-specific reference from the pipeline
SELEGILINE	MAOB	Monoamine oxidase B inhibitor	CONCORDANT	FDA label 021479-s004 (2008)	target-specific reference from the pipeline
RASAGILINE	MAOB	Monoamine oxidase B inhibitor	CONCORDANT	FDA label 021641-s010 (2009)	target-specific reference from the pipeline
SAFINAMIDE	MAOB	Monoamine oxidase B inhibitor	CONCORDANT	FDA label 207145 (2017)	target-specific reference from the pipeline
VOXELOTOR	HBA1	Haemoglobin positive modulator (raises Hb-oxygen affinity); reinforces rather than opposes the measured increase	DISCORDANT	PMID:30743314	Referenced mechanism is POSITIVE MODULATOR (OpenTargets, DGIdb); the pair passed the direction gate only through Pharos's activity-derived INHIBITOR label (EC50), which the union rule accepts. The same drug was removed on direction at HBA2 and HBB (Table S8). Withdrawn from all markets by the manufacturer on 25 Sept 2024 (FDA drug alert).
DACOMITINIB	EGFR	Pan-ErbB (EGFR, ErbB2, ErbB4) tyrosine kinase inhibitor	CONCORDANT	PMID:18089823	drug-level reference; the stated mechanism names EGFR (ErbB1), the nominating target
PHENELZINE	MAOB	Non-selective monoamine oxidase (A and B) inhibitor	CONCORDANT	FDA label 011909-s038 (2007)	drug-level reference; non-selective MAO inhibition includes MAO-B
ISOCARBOXAZID	MAOB	Non-selective monoamine oxidase (A and B) inhibitor	CONCORDANT	FDA label 011961-s039 (2007)	drug-level reference; non-selective MAO inhibition includes MAO-B
ALPELISIB	PIK3CB	PI3K p110-alpha-selective inhibitor; PIK3CB (p110-beta) is not its principal target	DISCORDANT	PMID:23726034	All four platforms annotate alpelisib on PIK3CA, which is measured DOWN, so that pair was removed on direction (Table S8); the PIK3CB edge comes from DGIdb (and a Pharos IC50 record with no action type). PMID 15705718, carried by ChEMBL as a second mechanism reference, is a BCR-ABL (dasatinib/imatinib) paper and was removed.
ALPELISIB	PIK3R2	PI3K p110-alpha-selective catalytic inhibitor; no regulatory (p85) subunit activity	DISCORDANT	PMID:23726034	DGIdb-only edge to a regulatory subunit; see the PIK3CB row
ALPELISIB	PIK3R3	PI3K p110-alpha-selective catalytic inhibitor; no regulatory (p85) subunit activity	DISCORDANT	PMID:23726034	DGIdb-only edge to a regulatory subunit; see the PIK3CB row
ALPELISIB	PIK3R1	PI3K p110-alpha-selective catalytic inhibitor; no regulatory (p85) subunit activity	DISCORDANT	PMID:23726034	DGIdb-only edge to a regulatory subunit; see the PIK3CB row
ICOSAPENT ETHYL	DGAT1	DGAT inhibition listed on the label among several possible mechanisms of triglyceride lowering	CONCORDANT	DailyMed:setid=9c1a2828-1583-4414-ab22-a60480e8e508 (Vascepa, section 12.1)	ChEMBL records the mechanism as Unknown; the Vascepa label section 12.1 lists "inhibition of acyl-CoA:1,2-diacylglycerol acyltransferase (DGAT)" among potential mechanisms (verified 28 Sept 2026). Single-platform (Pharos) edge.
INAVOLISIB	PIK3CB	PI3K p110-alpha-selective inhibitor; PIK3CB (p110-beta) is not its principal target	DISCORDANT	none of an accepted type	ChEMBL mechanism (CHEMBL4650215) is PI3-kinase p110-alpha subunit inhibitor, supported only by conference abstracts, so gate (vii) status stays MECHANISM UNSUPPORTED. Its PIK3CA pair was removed on direction (Table S8).
LINEZOLID	MAOB	Reversible, non-selective monoamine oxidase inhibitor (off-target; primary action is bacterial 70S ribosome inhibition)	CONCORDANT	DailyMed:setid=6e70e63b-bfd5-478d-a8ee-8ba22c9efabd (Zyvox, section 7.1)	Label section 7.1: "Linezolid is a reversible, nonselective inhibitor of monoamine oxidase" (verified 28 Sept 2026). Documented cause of microvesicular hepatic steatosis on prolonged use (Table S10), which the label-based hepatic gate did not capture.
