neighbour_symbol	ensembl_gene_id	neighbour_log2FC	neighbour_padj	neighbour_direction	neighbour_evidence_tier
ABCA12	ENSG00000144452	-1.5732419466888805	0.7564677042427643	DOWN	MEASURED_NS
ACTB	ENSG00000075624	-0.2318338805077842	0.515870590535608	DOWN	MEASURED_NS
ACTG1	ENSG00000184009	0.0572055344210739	0.8843064051985691	UP	MEASURED_NS
ACTN1	ENSG00000072110	0.1115311754839385	0.766303499680698	UP	MEASURED_NS
ACTN4	ENSG00000130402	0.230302232377508	0.4548675186671815	UP	MEASURED_NS
ACVR1	ENSG00000115170	-0.0822248428983179	0.7000632892863049	DOWN	MEASURED_NS
ACVR1B	ENSG00000135503	0.1522232392916207	0.6437771574757402	UP	MEASURED_NS
ACVR2A	ENSG00000121989	-0.2027004190254486	0.222153815994487	DOWN	MEASURED_NS
ACVR2B	ENSG00000114739	-0.3438451365837881	0.0407650418049044	DOWN	SIGNIFICANT
ACY1	ENSG00000243989	0.2723539507847456	0.4786613631303652	UP	MEASURED_NS
ADAM10	ENSG00000137845	0.0291731380850693	0.9006200226803649	UP	MEASURED_NS
ADSS1	ENSG00000185100	0.3824467272465998	0.181865606892367	UP	MEASURED_NS
ADSS2	ENSG00000035687	0.0177936302081031	0.9532291480154772	UP	MEASURED_NS
AFDN	ENSG00000130396	-0.124018173523638	0.5563151303749826	DOWN	MEASURED_NS
AGMAT	ENSG00000116771	0.31107598548433	0.350147341230699	UP	MEASURED_NS
AGPAT1	ENSG00000204310	0.3137390007295413	0.0859738336714679	UP	MEASURED_NS
AGPAT2	ENSG00000169692	0.2800609293924802	0.4461883030473673	UP	MEASURED_NS
AGPAT3	ENSG00000160216	0.2576245527919115	0.4716556206872169	UP	MEASURED_NS
AGPAT4	ENSG00000026652	-0.0571715662830401	0.9170951869486867	DOWN	MEASURED_NS
AGPAT5	ENSG00000155189	-0.1454852576115494	0.6701090762185556	DOWN	MEASURED_NS
AKR1C1	ENSG00000187134	0.0668308834944536	0.7737205789306493	UP	MEASURED_NS
AKR1C2	ENSG00000151632	0.184312918782655	0.7468666097432622	UP	MEASURED_NS
AKR1C3	ENSG00000196139	0.2767398875174063	0.5820473337367557	UP	MEASURED_NS
AKR1C4	ENSG00000198610	0.0900010315893761	0.8244603939544379	UP	MEASURED_NS
ALDH18A1	ENSG00000059573	0.4324831703065361	0.0824952379604649	UP	MEASURED_NS
ALDH1A1	ENSG00000165092	0.1324971131771191	0.7772462075882297	UP	MEASURED_NS
ALDH1A2	ENSG00000128918	0.0978360556275145	0.7979344318263595	UP	MEASURED_NS
ALDH1A3	ENSG00000184254	-0.2449892375312728	0.6929995474511712	DOWN	MEASURED_NS
ALDOA	ENSG00000149925	0.2784699518572068	0.4710377248949602	UP	MEASURED_NS
ALDOB	ENSG00000136872	0.1357801360732173	0.7465956274476462	UP	MEASURED_NS
ALDOC	ENSG00000109107	0.2703562972183714	0.5461639403775581	UP	MEASURED_NS
ANKRD9	ENSG00000156381	0.0883992738802926	0.85784650753986	UP	MEASURED_NS
AOX1	ENSG00000138356	-0.0936143624545132	0.8583826862249648	DOWN	MEASURED_NS
APBA1	ENSG00000107282	-0.1265263087227899	0.7135212648106505	DOWN	MEASURED_NS
ARAF	ENSG00000078061	0.0755052999979175	0.5979674335156523	UP	MEASURED_NS
ARG1	ENSG00000118520	-0.0740703292337748	0.7128706423329244	DOWN	MEASURED_NS
ARG2	ENSG00000081181	-0.2623124300895231	0.6607507477412173	DOWN	MEASURED_NS
ARHGEF12	ENSG00000196914	1.928871719814421e-05	0.9999409999393212	UP	MEASURED_NS
ARHGEF6	ENSG00000129675	-0.0091119563541667	0.9839027482873794	DOWN	MEASURED_NS
ASL	ENSG00000126522	0.014310489790375	0.9891846723313904	UP	MEASURED_NS
ASNS	ENSG00000070669	-0.218909843245643	0.8111910229842337	DOWN	MEASURED_NS
ASRGL1	ENSG00000162174	-0.1824902524119732	0.6803580600927093	DOWN	MEASURED_NS
ASS1	ENSG00000130707	-0.4635736208695985	0.2955657823667673	DOWN	MEASURED_NS
ATG16L1	ENSG00000085978	0.0681248387763721	0.6769825243667171	UP	MEASURED_NS
ATG5	ENSG00000057663	0.0415952706001016	0.9006200226803649	UP	MEASURED_NS
AWAT2				UNKNOWN	NOT_TESTED
B3GNT6				UNKNOWN	NOT_TESTED
B4GALNT3	ENSG00000139044	-0.2049437048476292	0.7977534967955014	DOWN	MEASURED_NS
B4GALNT4				UNKNOWN	NOT_TESTED
B4GALT1	ENSG00000086062	-0.1467657984506406	0.4611028610264583	DOWN	MEASURED_NS
B4GALT2	ENSG00000117411	0.2270624744454027	0.3625420873147772	UP	MEASURED_NS
B4GALT3	ENSG00000158850	-0.0472753815471609	0.7592391481927665	DOWN	MEASURED_NS
BAP1	ENSG00000163930	0.0247230661433734	0.9131218755096578	UP	MEASURED_NS
BCO1	ENSG00000135697	0.3652114089410563	0.4155388068868416	UP	MEASURED_NS
BMP15				UNKNOWN	NOT_TESTED
BMPR2	ENSG00000204217	-0.0534037513785852	0.8584232886027533	DOWN	MEASURED_NS
BPGM	ENSG00000172331	0.1738399455460172	0.4816608401025075	UP	MEASURED_NS
BRAF	ENSG00000157764	-0.2017851840544133	0.0458181530642731	DOWN	SIGNIFICANT
BRAP	ENSG00000089234	-0.0412359898887478	0.7443260944112482	DOWN	MEASURED_NS
BTRC	ENSG00000166167	-0.0355680613481326	0.7031413696052078	DOWN	MEASURED_NS
CAD	ENSG00000084774	-0.0846584197158653	0.7853433330551557	DOWN	MEASURED_NS
CASK	ENSG00000147044	0.1753999365911944	0.325814853129622	UP	MEASURED_NS
CAV1	ENSG00000105974	-0.0176732004157473	0.9645322296819951	DOWN	MEASURED_NS
CCL11				UNKNOWN	NOT_TESTED
CCL13				UNKNOWN	NOT_TESTED
CCL19	ENSG00000172724	0.2508873426164785	0.779132350200706	UP	MEASURED_NS
CCL2	ENSG00000108691	-0.1810779541594491	0.8695525458660153	DOWN	MEASURED_NS
CCL21	ENSG00000137077	-0.0042810070353542	0.9966721134368568	DOWN	MEASURED_NS
CCL26				UNKNOWN	NOT_TESTED
CCL28	ENSG00000151882	-0.279199310442096	0.5598001682938317	DOWN	MEASURED_NS
CCL4				UNKNOWN	NOT_TESTED
CCL5				UNKNOWN	NOT_TESTED
CCR1	ENSG00000163823	0.18598954553466	0.865788739797027	UP	MEASURED_NS
CCR2	ENSG00000121807	0.398964656213251	0.3698258236322472	UP	MEASURED_NS
CCR3	ENSG00000183625	-0.1363151474136409	0.950244490775508	DOWN	MEASURED_NS
CCR5	ENSG00000160791	0.4603100511168486	0.1336511535129412	UP	MEASURED_NS
CCR6	ENSG00000112486	0.2465461306498714	0.8584232886027533	UP	MEASURED_NS
CCR7	ENSG00000126353	0.217830932575291	0.701971503813925	UP	MEASURED_NS
CCRL2	ENSG00000121797	0.2176817273897857	0.5095108706612408	UP	MEASURED_NS
CD33	ENSG00000105383	-0.0107929497007387	0.9861098772752644	DOWN	MEASURED_NS
CD74	ENSG00000019582	0.3077563688100737	0.56095869723906	UP	MEASURED_NS
CDH1	ENSG00000039068	0.2462844588140507	0.5009972111080896	UP	MEASURED_NS
CDKN2A	ENSG00000147889	-0.0093833814169114	0.99239062193385	DOWN	MEASURED_NS
CDS1	ENSG00000163624	-0.1785273867470197	0.6607507477412173	DOWN	MEASURED_NS
CDS2	ENSG00000101290	0.0329928274535446	0.9376752720374204	UP	MEASURED_NS
CEL	ENSG00000170835	-0.508451858688032	0.6758197544973746	DOWN	MEASURED_NS
CEPT1	ENSG00000134255	-0.1000453478687291	0.5864267258140419	DOWN	MEASURED_NS
CHPT1	ENSG00000111666	0.1912763186631524	0.6705649708262504	UP	MEASURED_NS
CHST8				UNKNOWN	NOT_TESTED
COMMD1	ENSG00000173163	-0.0487736937067141	0.8586306988182617	DOWN	MEASURED_NS
CS	ENSG00000062485	0.0981120521887194	0.674533095319135	UP	MEASURED_NS
CTNNA1	ENSG00000044115	0.2186857888071294	0.2615760268053325	UP	MEASURED_NS
CTNNA2	ENSG00000066032	-0.6606234378957274	0.085105254929984	DOWN	MEASURED_NS
CTNNB1	ENSG00000168036	0.1027891282038174	0.5972494641187215	UP	MEASURED_NS
CUL1	ENSG00000055130	0.0317294288275763	0.8782067621546823	UP	MEASURED_NS
CUL2	ENSG00000108094	0.0235023936230346	0.8772609647947249	UP	MEASURED_NS
CUL5	ENSG00000166266	0.0541066420559456	0.7832653783604026	UP	MEASURED_NS
CX3CL1	ENSG00000006210	0.1984739050397625	0.5057267330425537	UP	MEASURED_NS
CXCL10	ENSG00000169245	0.7560142585261247	0.5841206446364786	UP	MEASURED_NS
CXCL11	ENSG00000169248	0.461157901721233	0.6071076862535765	UP	MEASURED_NS
CXCL12	ENSG00000107562	-0.0036803432441465	0.9956320030373632	DOWN	MEASURED_NS
CXCL13				UNKNOWN	NOT_TESTED
CXCL14	ENSG00000145824	-0.0427243939909972	0.9278964864182472	DOWN	MEASURED_NS
CXCL16	ENSG00000161921	0.0806794150947359	0.9022248084564566	UP	MEASURED_NS
CXCL17				UNKNOWN	NOT_TESTED
CXCL2	ENSG00000081041	-0.8319347806913098	0.2550421990991649	DOWN	MEASURED_NS
CXCL8	ENSG00000169429	-0.2810511847031087	0.8106043889061906	DOWN	MEASURED_NS
CXCR1	ENSG00000163464	0.3054860939459484	0.5504065323659083	UP	MEASURED_NS
CXCR2	ENSG00000180871	0.0402869403615798	0.96258253592502	UP	MEASURED_NS
CXCR3	ENSG00000186810	0.3740592254031729	0.6540207685901457	UP	MEASURED_NS
CXCR4	ENSG00000121966	-0.1319648492018824	0.9190652103988576	DOWN	MEASURED_NS
CXCR5	ENSG00000160683	-0.2130052837601562	0.753918869367603	DOWN	MEASURED_NS
CXCR6	ENSG00000172215	0.0456453872630256	0.8701981666337673	UP	MEASURED_NS
CYP17A1	ENSG00000148795	-0.5334355774632856	0.4547955174287637	DOWN	MEASURED_NS
CYP1A1	ENSG00000140465	-0.1922794148474162	0.7737205789306493	DOWN	MEASURED_NS
CYP1A2	ENSG00000140505	-0.2959971960768088	0.7184794415915481	DOWN	MEASURED_NS
CYP1B1	ENSG00000138061	0.158803297739827	0.6904372975800932	UP	MEASURED_NS
CYP26A1	ENSG00000095596	-0.2069199764246686	0.7960849372022532	DOWN	MEASURED_NS
CYP26B1	ENSG00000003137	-0.0049890050143155	0.9946620929702528	DOWN	MEASURED_NS
CYP26C1				UNKNOWN	NOT_TESTED
CYP27C1	ENSG00000186684	-0.8098702709394664	0.49175084205863	DOWN	MEASURED_NS
CYP2A13	ENSG00000197838	-0.1917636123780991	0.720935121111234	DOWN	MEASURED_NS
CYP2A6	ENSG00000255974	-0.1868190830959283	0.7127037591722399	DOWN	MEASURED_NS
CYP2B6	ENSG00000197408	-0.4543036918367587	0.6220676562758964	DOWN	MEASURED_NS
CYP2C18	ENSG00000108242	0.1973007686723864	0.5443642621892366	UP	MEASURED_NS
CYP2C8	ENSG00000138115	-0.385016139622857	0.0691709347291107	DOWN	MEASURED_NS
CYP2C9	ENSG00000138109	-0.0961236214375296	0.7468666097432622	DOWN	MEASURED_NS
CYP2E1	ENSG00000130649	0.0368088655069626	0.9611560458445002	UP	MEASURED_NS
CYP2S1	ENSG00000167600	0.0505869849935893	0.9439887097146202	UP	MEASURED_NS
CYP3A5	ENSG00000106258	-0.2750129866618491	0.6660119635658914	DOWN	MEASURED_NS
CYP7A1	ENSG00000167910	0.8270751769565834	0.484678881493757	UP	MEASURED_NS
DAG1	ENSG00000173402	0.2549947705540946	0.5142081988426594	UP	MEASURED_NS
DDX4				UNKNOWN	NOT_TESTED
DEFA1B				UNKNOWN	NOT_TESTED
DEFA3				UNKNOWN	NOT_TESTED
DEFA4				UNKNOWN	NOT_TESTED
DEFA5				UNKNOWN	NOT_TESTED
DEFB103A				UNKNOWN	NOT_TESTED
DEFB104A				UNKNOWN	NOT_TESTED
DEFB105A				UNKNOWN	NOT_TESTED
DEFB106B				UNKNOWN	NOT_TESTED
DEFB4A				UNKNOWN	NOT_TESTED
DGAT1	ENSG00000185000	0.1048003922846799	0.8124099738406854	UP	MEASURED_NS
DGAT2	ENSG00000062282	0.5037321620335553	0.2534015390544232	UP	MEASURED_NS
DHRS3	ENSG00000162496	0.0288739255987153	0.8810313474600932	UP	MEASURED_NS
DHRS4	ENSG00000157326	-0.0545248178854779	0.8676061491035247	DOWN	MEASURED_NS
DLG4	ENSG00000132535	-0.2301080747496994	0.6522763466010786	DOWN	MEASURED_NS
DVL1	ENSG00000107404	0.0405378594408465	0.9303622914806446	UP	MEASURED_NS
DVL2	ENSG00000004975	0.0242080199027334	0.9474376384982144	UP	MEASURED_NS
DVL3	ENSG00000161202	-0.0609254671447163	0.8316558119519435	DOWN	MEASURED_NS
ELOB	ENSG00000103363	0.0769383102989255	0.8074074269550663	UP	MEASURED_NS
ELOC	ENSG00000154582	-0.0695785049250489	0.8646679432501652	DOWN	MEASURED_NS
ENO1	ENSG00000074800	0.3688509514238617	0.3499010114138853	UP	MEASURED_NS
ENO2	ENSG00000111674	-0.2383442764268388	0.7495152727411868	DOWN	MEASURED_NS
EPHX1	ENSG00000143819	0.1556100290050261	0.7256203394268209	UP	MEASURED_NS
FBXO4	ENSG00000151876	-0.3009069245139638	0.0980673813386199	DOWN	MEASURED_NS
FBXO6	ENSG00000116663	0.3966993447222734	0.0001407306064603	UP	SIGNIFICANT
FBXW11	ENSG00000072803	0.2104730191497879	0.3449161443927775	UP	MEASURED_NS
FBXW7	ENSG00000109670	-0.201209204027406	0.5399719818939414	DOWN	MEASURED_NS
FEM1A				UNKNOWN	NOT_TESTED
FEM1B	ENSG00000169018	-0.0665338390561591	0.7148655602410491	DOWN	MEASURED_NS
FEM1C	ENSG00000145780	-0.1300382067899799	0.4120170933678743	DOWN	MEASURED_NS
FH	ENSG00000091483	0.0715072635939573	0.8400274493694954	UP	MEASURED_NS
FKRP	ENSG00000181027	-0.1511812425168531	0.6140713465238932	DOWN	MEASURED_NS
FKTN	ENSG00000106692	-0.0841873193685173	0.6436983852446723	DOWN	MEASURED_NS
FOLH1	ENSG00000086205	0.0090236507635342	0.9832987920379932	UP	MEASURED_NS
GAD1	ENSG00000128683	-1.6818179045907824	0.5628195658991826	DOWN	MEASURED_NS
GAD2				UNKNOWN	NOT_TESTED
GCNT1	ENSG00000187210	-0.2781541129628646	0.6403253281035047	DOWN	MEASURED_NS
GDF1				UNKNOWN	NOT_TESTED
GDF11	ENSG00000135414	-0.085611465409487	0.4953224121180047	DOWN	MEASURED_NS
GDF3				UNKNOWN	NOT_TESTED
GLS	ENSG00000115419	0.0828478322671641	0.7634306334841099	UP	MEASURED_NS
GLS2	ENSG00000135423	-0.1028815021675147	0.8712256375571283	DOWN	MEASURED_NS
GLUD1	ENSG00000148672	0.1032869370058515	0.8523644451608487	UP	MEASURED_NS
GLUD2	ENSG00000182890	0.6174393101698799	0.2732045375652983	UP	MEASURED_NS
GLUL	ENSG00000135821	0.0657185798500382	0.8460739167510671	UP	MEASURED_NS
GLYCTK	ENSG00000168237	-0.2326143088014991	0.6768500554402537	DOWN	MEASURED_NS
GOT1	ENSG00000120053	-0.3718869787079109	0.0210985914239236	DOWN	SIGNIFICANT
GOT1L1				UNKNOWN	NOT_TESTED
GOT2	ENSG00000125166	0.002049383631463	0.9935447524876528	UP	MEASURED_NS
GPI	ENSG00000105220	0.3119824423366161	0.2008840004170366	UP	MEASURED_NS
GPX4	ENSG00000167468	-0.0478890159514019	0.725770837531437	DOWN	MEASURED_NS
GSR	ENSG00000104687	0.0389833674283753	0.6906479826972444	UP	MEASURED_NS
GSS	ENSG00000100983	0.1032987773547701	0.5990773615326824	UP	MEASURED_NS
HBA1	ENSG00000206172	0.3466575636975967	0.7348037788570305	UP	MEASURED_NS
HBA2	ENSG00000188536	0.6697437827734114	0.5278173760406778	UP	MEASURED_NS
HBD				UNKNOWN	NOT_TESTED
HLA-DMA	ENSG00000204257	0.1552681289602411	0.702717867605997	UP	MEASURED_NS
HLA-DQA2	ENSG00000237541	0.5740760907535037	0.515870590535608	UP	MEASURED_NS
HLA-DRA	ENSG00000204287	0.3214492221003696	0.5673302622320537	UP	MEASURED_NS
HP	ENSG00000257017	-0.1968064316387959	0.1042076921199447	DOWN	MEASURED_NS
HPR	ENSG00000261701	-0.6320589359928526	0.0673649675387567	DOWN	MEASURED_NS
HSD3B1	ENSG00000203857	0.0627320994448383	0.9038198063899312	UP	MEASURED_NS
HSD3B2	ENSG00000203859	-0.8266451905850553	0.5270612952204299	DOWN	MEASURED_NS
IFIH1	ENSG00000115267	0.1289609258962344	0.6222595644224027	UP	MEASURED_NS
IFNG	ENSG00000111537	-0.7025425680901539	0.6975652285609637	DOWN	MEASURED_NS
IGF1	ENSG00000017427	-0.4815352413332627	0.032664356330545	DOWN	SIGNIFICANT
IGF2	ENSG00000167244	-0.1170548470791372	0.6907761863701763	DOWN	MEASURED_NS
IGKV1-33				UNKNOWN	NOT_TESTED
IGKV1D-33				UNKNOWN	NOT_TESTED
IL4I1	ENSG00000104951	0.6393584954315799	0.3615377091719176	UP	MEASURED_NS
INHBA	ENSG00000122641	-0.1541364869692354	0.7853709307863235	DOWN	MEASURED_NS
INHBB	ENSG00000163083	-0.6004479232695371	0.4640002006014616	DOWN	MEASURED_NS
INHBC	ENSG00000175189	0.416027982514929	0.4879494792985436	UP	MEASURED_NS
INHBE	ENSG00000139269	0.9042778456373528	0.0722051241672083	UP	MEASURED_NS
JUP	ENSG00000173801	-0.0701080607339865	0.8531892249827845	DOWN	MEASURED_NS
KIT	ENSG00000157404	-0.1472729957472747	0.6031998625012028	DOWN	MEASURED_NS
KSR1	ENSG00000141068	-0.0752591603247659	0.8406378300968558	DOWN	MEASURED_NS
LARGE1	ENSG00000133424	0.1216899864232079	0.7281710818854263	UP	MEASURED_NS
LCLAT1	ENSG00000172954	0.0462639810171505	0.8799153761833698	UP	MEASURED_NS
LDHA	ENSG00000134333	0.0511426439456921	0.874607023978324	UP	MEASURED_NS
LDHAL6A	ENSG00000166800	-0.8551167735010019	0.6164984411010145	DOWN	MEASURED_NS
LDHAL6B	ENSG00000171989	-0.6184627271835594	0.6519533405405393	DOWN	MEASURED_NS
LDHC	ENSG00000166796	-0.1479320343466521	0.796616432162549	DOWN	MEASURED_NS
LDHD	ENSG00000166816	-0.0403913215210544	0.9122676038485642	DOWN	MEASURED_NS
LIPC	ENSG00000166035	0.188773456403709	0.6082438525518402	UP	MEASURED_NS
LIPF				UNKNOWN	NOT_TESTED
LIPG	ENSG00000101670	0.0235803618853255	0.9576211784692912	UP	MEASURED_NS
LPIN1	ENSG00000134324	-0.1599204551643878	0.7132698411082957	DOWN	MEASURED_NS
LPIN2	ENSG00000101577	-0.1481367106288641	0.0956455678152709	DOWN	MEASURED_NS
LPIN3	ENSG00000132793	-0.1224511520224757	0.8684386260354522	DOWN	MEASURED_NS
LPL	ENSG00000175445	1.4650913560975714	0.0734246780194897	UP	MEASURED_NS
LRAT	ENSG00000121207	-0.0168875448176818	0.973668858719746	DOWN	MEASURED_NS
LRRTM1	ENSG00000162951	-0.4694058468773064	0.6880249181325993	DOWN	MEASURED_NS
LRRTM2	ENSG00000146006	-0.4266843720838327	0.5612833787107665	DOWN	MEASURED_NS
MAP3K1	ENSG00000095015	-0.0240534851472375	0.9403454343757276	DOWN	MEASURED_NS
MAVS	ENSG00000088888	-0.0052748129642996	0.9852348298488354	DOWN	MEASURED_NS
MBOAT1	ENSG00000172197	-0.1247240485669548	0.7510667909425047	DOWN	MEASURED_NS
MBOAT2	ENSG00000143797	-0.1789855432917038	0.4170252554302207	DOWN	MEASURED_NS
MDH2	ENSG00000146701	0.1836877411325632	0.5267849691295284	UP	MEASURED_NS
ME2	ENSG00000082212	0.091065883668126	0.6755626551222326	UP	MEASURED_NS
ME3	ENSG00000151376	-0.4355003745709591	0.501848388604675	DOWN	MEASURED_NS
MGAT5B	ENSG00000167889	-3.3446627594108	0.0089187635558042	DOWN	SIGNIFICANT
MGST1	ENSG00000008394	0.0733384172679709	0.8297543617491334	UP	MEASURED_NS
MINPP1	ENSG00000107789	0.0985031880053557	0.8188901954664627	UP	MEASURED_NS
MOGAT1	ENSG00000124003	-0.071866705801424	0.8938384341585193	DOWN	MEASURED_NS
MOGAT2	ENSG00000166391	0.4018991977882057	0.5650246054868118	UP	MEASURED_NS
MOGAT3	ENSG00000106384	0.2277776952203382	0.7688513246679021	UP	MEASURED_NS
NAGS	ENSG00000161653	-0.1218211337607371	0.7513876812977386	DOWN	MEASURED_NS
NF1	ENSG00000196712	0.0493123749835332	0.8809965462734153	UP	MEASURED_NS
NGB				UNKNOWN	NOT_TESTED
NLGN1	ENSG00000169760	-1.3656472637062298	0.6891960575857782	DOWN	MEASURED_NS
NLGN2	ENSG00000169992	-0.4315278651706711	0.5598001682938317	DOWN	MEASURED_NS
NLGN3	ENSG00000196338	-0.4656134615801741	0.5057267330425537	DOWN	MEASURED_NS
NLGN4X	ENSG00000146938	0.0115378041301045	0.9785682774834188	UP	MEASURED_NS
NLGN4Y	ENSG00000165246	0.4397606487629571	0.5892854878971793	UP	MEASURED_NS
NODAL	ENSG00000156574	-1.1414545344776907	0.6755314934547716	DOWN	MEASURED_NS
NRXN2	ENSG00000110076	-0.2779250418633732	0.6078619506084393	DOWN	MEASURED_NS
ODC1	ENSG00000115758	0.0851031239132523	0.8197172363819795	UP	MEASURED_NS
OTC	ENSG00000036473	0.3305009944610297	0.7375115292798248	UP	MEASURED_NS
PC	ENSG00000173599	-0.2167930883498499	0.5982621410830316	DOWN	MEASURED_NS
PCK1	ENSG00000124253	-0.5180346118349456	0.4567017714864292	DOWN	MEASURED_NS
PCK2	ENSG00000100889	0.084575869117335	0.8564364637207525	UP	MEASURED_NS
PDHA2				UNKNOWN	NOT_TESTED
PDHB	ENSG00000168291	0.1515406889118056	0.3647766278928256	UP	MEASURED_NS
PF4				UNKNOWN	NOT_TESTED
PF4V1				UNKNOWN	NOT_TESTED
PGAM1	ENSG00000171314	0.3281118711039683	0.5430534502492241	UP	MEASURED_NS
PGAM2				UNKNOWN	NOT_TESTED
PGAM4	ENSG00000226784	0.4600798645881145	0.6021100567847695	UP	MEASURED_NS
PGK1	ENSG00000102144	0.2893771030077133	0.2768471128905791	UP	MEASURED_NS
PGK2				UNKNOWN	NOT_TESTED
PIK3CA	ENSG00000121879	-0.0146404912251975	0.9614189154334633	DOWN	MEASURED_NS
PIK3CB	ENSG00000051382	0.066505601052739	0.6540207685901457	UP	MEASURED_NS
PIK3CD	ENSG00000171608	-0.1135318259744334	0.8184126792960121	DOWN	MEASURED_NS
PIK3R1	ENSG00000145675	0.1210001585348065	0.7737205789306493	UP	MEASURED_NS
PIK3R2	ENSG00000105647	0.3112456877521849	0.4282037581525696	UP	MEASURED_NS
PIK3R3	ENSG00000117461	0.1383080571720697	0.5612833787107665	UP	MEASURED_NS
PIWIL2	ENSG00000197181	-0.2762549137691918	0.3958431494343252	DOWN	MEASURED_NS
PIWIL4	ENSG00000134627	-0.3261346863651992	0.6186642200542158	DOWN	MEASURED_NS
PKLR	ENSG00000143627	0.730855519938582	0.3625420873147772	UP	MEASURED_NS
PKM	ENSG00000067225	0.2774662982978756	0.4587583533305637	UP	MEASURED_NS
PKP2	ENSG00000057294	0.2517600709965837	0.4671141078754519	UP	MEASURED_NS
PLCE1	ENSG00000138193	-0.1103236955791166	0.7797698232409714	DOWN	MEASURED_NS
PLD1	ENSG00000075651	-0.0144634164878607	0.9630735579629428	DOWN	MEASURED_NS
PLD2	ENSG00000129219	0.0750150852094494	0.8406378300968558	UP	MEASURED_NS
PLD3	ENSG00000105223	0.2167924938004205	0.5916620307796229	UP	MEASURED_NS
PLD4	ENSG00000166428	0.4531761432948474	0.0706367254240951	UP	MEASURED_NS
PLPP2	ENSG00000141934	0.1795950152826514	0.7832653783604026	UP	MEASURED_NS
PLPP3	ENSG00000162407	0.0518811609829226	0.9324658366524178	UP	MEASURED_NS
PLPP5	ENSG00000147535	-0.0932395896167013	0.6354465378867612	DOWN	MEASURED_NS
PNLIP				UNKNOWN	NOT_TESTED
PNLIPRP1	ENSG00000187021	0.0385449048739669	0.9327868602947044	UP	MEASURED_NS
PNLIPRP3				UNKNOWN	NOT_TESTED
PNPLA2	ENSG00000177666	-0.1028557687585903	0.8186098958635738	DOWN	MEASURED_NS
PNPLA3	ENSG00000100344	0.2946224467136408	0.5749878252833466	UP	MEASURED_NS
PNPLA4	ENSG00000006757	0.1161843917340035	0.7388980040388055	UP	MEASURED_NS
POMGNT2	ENSG00000144647	0.2319499270783002	0.3171251885516678	UP	MEASURED_NS
POMT1	ENSG00000130714	-0.0643841831884239	0.7970729294392147	DOWN	MEASURED_NS
POMT2	ENSG00000009830	0.0584753965440163	0.8627735179128828	UP	MEASURED_NS
PPBP	ENSG00000163736	0.3952680944273761	0.5060041367929939	UP	MEASURED_NS
PPP1CC	ENSG00000186298	0.0590090175631095	0.8143632789752026	UP	MEASURED_NS
PRDX6	ENSG00000117592	-0.1159643194589638	0.6599767063728174	DOWN	MEASURED_NS
PRKCA	ENSG00000154229	-0.0812222765395558	0.7570043693229982	DOWN	MEASURED_NS
PRKCB	ENSG00000166501	0.0404426883558707	0.9207842877710576	UP	MEASURED_NS
PRKCD	ENSG00000163932	0.1325487456085302	0.4123273107408583	UP	MEASURED_NS
PRKCE	ENSG00000171132	0.7681466951368255	0.1038088932976317	UP	MEASURED_NS
PRKCG				UNKNOWN	NOT_TESTED
PRKCH	ENSG00000027075	-0.0943304140458602	0.7239976169819798	DOWN	MEASURED_NS
PRKCQ	ENSG00000065675	-0.0838375681841399	0.8695525458660153	DOWN	MEASURED_NS
PRODH	ENSG00000100033	0.3297810821488663	0.8322345601891528	UP	MEASURED_NS
PRODH2	ENSG00000250799	-0.0037090909928371	0.995272059543406	DOWN	MEASURED_NS
PTPRD	ENSG00000153707	-0.4221614584838654	0.0226899083771291	DOWN	SIGNIFICANT
PYCR1	ENSG00000183010	0.0976069663204552	0.8140830186758294	UP	MEASURED_NS
PYCR2	ENSG00000143811	-0.0253669609507939	0.9170951869486867	DOWN	MEASURED_NS
PYCR3	ENSG00000104524	0.2126043230585149	0.5991388819141569	UP	MEASURED_NS
RAF1	ENSG00000132155	0.0298204637357582	0.8406378300968558	UP	MEASURED_NS
RALBP1	ENSG00000017797	0.2214142088078873	0.1522208098427351	UP	MEASURED_NS
RALGDS	ENSG00000160271	-0.1749829733503726	0.7600112149004894	DOWN	MEASURED_NS
RAPGEF2	ENSG00000109756	0.0478670528787251	0.8795817875849624	UP	MEASURED_NS
RAPGEF5	ENSG00000136237	0.0298847491763624	0.9506175428482316	UP	MEASURED_NS
RASA1	ENSG00000145715	-0.0513451095562015	0.7447901556173923	DOWN	MEASURED_NS
RASA2	ENSG00000155903	-0.1308162647472176	0.6409177985593636	DOWN	MEASURED_NS
RASGRF1	ENSG00000058335	-1.036995939755572	0.7972127196394856	DOWN	MEASURED_NS
RASGRF2	ENSG00000113319	-0.1497913706719219	0.6690888910783607	DOWN	MEASURED_NS
RASSF1	ENSG00000068028	-0.012598606894088	0.9814201464716072	DOWN	MEASURED_NS
RASSF5				UNKNOWN	NOT_TESTED
RBX1	ENSG00000100387	-0.0619636761536183	0.8645152152152127	DOWN	MEASURED_NS
RETSAT	ENSG00000042445	0.334779641849222	0.2742493673797048	UP	MEASURED_NS
RGL1	ENSG00000143344	0.0355809708987299	0.958442462731762	UP	MEASURED_NS
RGL2	ENSG00000237441	-0.0790897203749402	0.8100197741921948	DOWN	MEASURED_NS
RIMKLA	ENSG00000177181	-0.2219412530469986	0.688003321771645	DOWN	MEASURED_NS
RIMKLB	ENSG00000166532	-0.1597959888982573	0.6037136154392838	DOWN	MEASURED_NS
RIN1	ENSG00000174791	-0.2711376866336292	0.6432360023200057	DOWN	MEASURED_NS
RNF7	ENSG00000114125	0.0326245491762476	0.9454443516643012	UP	MEASURED_NS
RXYLT1	ENSG00000118600	0.024496783823744	0.9112123423925748	UP	MEASURED_NS
SELENOI	ENSG00000138018	-0.0062230395208475	0.9785682774834188	DOWN	MEASURED_NS
SHANK2	ENSG00000162105	-0.0895548046164586	0.645451854004852	DOWN	MEASURED_NS
SHANK3	ENSG00000251322	-0.1926098601981065	0.7468868778618062	DOWN	MEASURED_NS
SHOC2	ENSG00000108061	0.0239797928728099	0.9358745428865444	UP	MEASURED_NS
SIRPA	ENSG00000198053	0.1781591098436753	0.3873786893063241	UP	MEASURED_NS
SIRPG	ENSG00000089012	0.2851654970321561	0.4217883583510938	UP	MEASURED_NS
SKP1	ENSG00000113558	0.1153430928472935	0.6519533405405393	UP	MEASURED_NS
SKP2	ENSG00000145604	-0.1087891609875351	0.701971503813925	DOWN	MEASURED_NS
SLC10A1	ENSG00000100652	0.1340071727739183	0.7845195521671879	UP	MEASURED_NS
SMAD2	ENSG00000175387	0.1321728871879278	0.5352288176841313	UP	MEASURED_NS
SMAD3	ENSG00000166949	-0.1196027153698837	0.515870590535608	DOWN	MEASURED_NS
SOS1	ENSG00000115904	-0.038066246461269	0.8719451979789262	DOWN	MEASURED_NS
SOS2	ENSG00000100485	0.1066920524232357	0.5461639403775581	UP	MEASURED_NS
ST6GALNAC1	ENSG00000070526	0.2295451100527288	0.8748345257451066	UP	MEASURED_NS
STS	ENSG00000101846	0.2211569310816706	0.5430686327654626	UP	MEASURED_NS
SULT2B1	ENSG00000088002	-0.5037231275425236	0.5312405865355754	DOWN	MEASURED_NS
SYK	ENSG00000165025	0.1729213721040825	0.6778332366235513	UP	MEASURED_NS
TALDO1	ENSG00000177156	0.0741549786251258	0.3873786893063241	UP	MEASURED_NS
TDRD9	ENSG00000156414	-0.051739944328029	0.944866107726453	DOWN	MEASURED_NS
TDRKH	ENSG00000182134	0.2832868748136501	0.3488945933242275	UP	MEASURED_NS
TGFBR1	ENSG00000106799	0.1517134985571119	0.6354477550972769	UP	MEASURED_NS
TGM1	ENSG00000092295	-0.2433401329796565	0.7496283261649511	DOWN	MEASURED_NS
TIAM1	ENSG00000156299	-0.491395103657581	0.1809976162733441	DOWN	MEASURED_NS
TJP1	ENSG00000104067	-0.0432056528364753	0.8223886855195549	DOWN	MEASURED_NS
TKT	ENSG00000163931	0.2927569967005852	0.3609427157992197	UP	MEASURED_NS
TKTL1				UNKNOWN	NOT_TESTED
TPI1	ENSG00000111669	0.1992805161205816	0.4120170933678743	UP	MEASURED_NS
TRAF6	ENSG00000175104	-0.0349614735731298	0.8896979036274875	DOWN	MEASURED_NS
TREM1	ENSG00000124731	0.3343335075468447	0.5303186658284895	UP	MEASURED_NS
TREML1	ENSG00000161911	-0.0744416224027939	0.9580618813642896	DOWN	MEASURED_NS
TREML2	ENSG00000112195	-0.0158398990552824	0.9586059223020456	DOWN	MEASURED_NS
TRPC1	ENSG00000144935	-0.4131297095364367	0.3670370823226346	DOWN	MEASURED_NS
TRPC6	ENSG00000137672	-0.5857761828372897	0.6493809510498052	DOWN	MEASURED_NS
TXNDC12	ENSG00000117862	0.1160751903785111	0.6952657497989535	UP	MEASURED_NS
TYROBP	ENSG00000011600	0.195745944519602	0.6892548324410631	UP	MEASURED_NS
VASP	ENSG00000125753	0.0691045870202019	0.7559538212451253	UP	MEASURED_NS
VCL	ENSG00000035403	0.0908118297989606	0.5912656600126465	UP	MEASURED_NS
XCL1	ENSG00000143184	-0.0327628073803691	0.966926373889157	DOWN	MEASURED_NS
YWHAB	ENSG00000166913	-0.1086375518463673	0.6186642200542158	DOWN	MEASURED_NS
YWHAE	ENSG00000108953	-0.0312311396987608	0.8809965462734153	DOWN	MEASURED_NS
YWHAG	ENSG00000170027	0.17379839399852	0.5443668820525359	UP	MEASURED_NS
YWHAH	ENSG00000128245	0.210830380760099	0.3600024423584471	UP	MEASURED_NS
YWHAQ	ENSG00000134308	0.1136614311960274	0.7147150957334827	UP	MEASURED_NS
YWHAZ	ENSG00000164924	0.0758412637456403	0.6919821405701714	UP	MEASURED_NS
