file,bytes,sha256
cohorts/GSE126848/GSE126848_DE.csv.gz,795220,dd387e171d83373796a3b19abcdf5178906c27fcb8a9429f7a732e5702885bdc
cohorts/GSE126848/GSE126848_counts.csv.gz,1455154,1ba4c46209d9b6d31a418a6c279a7fd46119c7cae7896f66010f2f8a0a200286
cohorts/GSE126848/GSE126848_metadata.csv,47341,73090d3dddb36696da5a0582ae1428f5e73704c8194ac92ad74664e007285daf
cohorts/GSE135251/GSE135251_DE.csv.gz,888056,0ce6d7bc1efa5b8da6b15e584e43edcc7358611f37659892a3dcdafa64a7bea4
cohorts/GSE135251/GSE135251_counts.csv.gz,7308741,202439d24359cb638c80ba3b3be3eff7279afcd98209eae24795d9c02282d12f
cohorts/GSE135251/GSE135251_metadata.csv,220688,110e6e0f98d7b8188a48cff0fdd925e69876d2aa9cd8ae93207f4011e4f1212c
cohorts/GSE162694/GSE162694_DE.csv.gz,970457,aaa37ae37aa190f5f45b3ff8bb28390b8ee3b5da824766e96ddc9f1c508e07d2
cohorts/GSE162694/GSE162694_counts.csv.gz,6260147,18f1552b2c6d532b7bbbd0816c570e0223a389151ed0d41c0836ec66c5eb250a
cohorts/GSE162694/GSE162694_metadata.csv,118664,0f72990960963226d2dda95a01598ddab47f15cf4395c1b081d6c070f7d8cbff
cohorts/GSE183229/GSE183229_DE.csv.gz,871227,8857b704bd3764c917e85d042554cf20a24b2e6ae7ddeec46c57540411210884
cohorts/GSE183229/GSE183229_counts.csv.gz,2034376,f1c6b71e7e756c276d403e468ddf9b7508d62aed01190fd771be70ce6346f251
cohorts/GSE183229/GSE183229_metadata.csv,18546,47348972d655f48e342475b573d06accf512dfb16caf96de506a126baf1a07bf
cohorts/GSE185051/GSE185051_DE.csv.gz,957723,c413e87eaa68c4d9f4570099cab45d4b90c6a76ec5145b347b32b175231a541b
cohorts/GSE185051/GSE185051_counts.csv.gz,2054270,2ab6bb09308ecae5c11ea4bffe8f6f382546dbc18f8c46c8aa7b0ff2c5cdb34d
cohorts/GSE185051/GSE185051_metadata.csv,63202,bbe55931cfc8616cb0a6ebe01ea6f481668c6ac09616c762416a55cd943c0dd2
cohorts/GSE260666/GSE260666_DE.csv.gz,857037,29c85c2b36afe431381c516fc9d9f1722e3c37eaf68145f66d83b57288ab5cf5
cohorts/GSE260666/GSE260666_counts.csv.gz,882958,6fd783402adbcf1676f8e825a5b27ac64dc19d82b27cea2a7d6c5ce2ca03419b
cohorts/GSE260666/GSE260666_metadata.csv,17403,d0e60116fb8d59ca02ee0c45244cf9f7d006031127a6652eea6ee06c88174b5a
cohorts/GSE268360/GSE268360_DE.csv.gz,763499,5c8c252d7691bec93f01f61ac1b7c6d184bd2405a1d2e5132b5a964af6091998
cohorts/GSE268360/GSE268360_counts.csv.gz,1184943,093d4193de3436ac4a411a06224aad7777b14ef8d61cf9c1821fd871191742e2
cohorts/GSE268360/GSE268360_metadata.csv,18677,a6aca1ecba5645936b03723484e1321d19d786977eb629d09efdebf7065af2d6
cohorts/GSE281797/GSE281797_DE.csv.gz,836680,bdb7679628979760861ffdaf07f6971bac086c4faec586c75c51927b78fd1525
cohorts/GSE281797/GSE281797_counts.csv.gz,4685329,090dfa517a009ec8022e55f17a64515d5d76cb1f4844b4a82275ba4cb8822a4e
cohorts/GSE281797/GSE281797_metadata.csv,79059,dafcc702af0d360b32e8f164d7bfef52c2bc570e26825152642ba00b3a992676
reference/GSE334651_baseMean_heldout.tsv,395108,04e5deabc8f42666dcd6d96e84671dd6850aae28f727a464de3e9a3966d3210f
reference/gene_symbols_hgnc.tsv,355895,13ef57234f5e07e22baf9ccc99ed7d9ea61de7bfa1a1ebcf616a9f6bdbd118f4
reference/gene_universe_counts.tsv,254352,8f3366a6e4b57d9a37c126137288fc6e6ae2e10eaf5e9879e03572f9fdb44931
reference/gene_universe_logexpr.tsv,252800,3c11ff94c99439bfba50f1fe2de489732dc92794a5fa25ac6beaea96391524a9
reference/sample_order.tsv,12726,c75780081dacb53080f3d3f3fc6c84c18b0fb1e3f7833f8947856a26ce977993
reference/string_top500_hub_degree.tsv,15156,d622d3a5fe70f57930d87e518df0e8209619b312b9da2c7f18a722047b6c2c3c
repurposing_snapshot/drug_annotations.tsv,343358,e14655ef210f7c4db687634cd11fc4f0a8aff93c4f9bc4d14cad89d92eae8a77
repurposing_snapshot/edges_direct.tsv,296000,e657f6b5b3b707c19d6e606e5a7da81a67456998cd3e0635817772d8b7ff3fd5
repurposing_snapshot/edges_expanded.tsv.gz,1375035,15533fb1a5321ce6096c3832bbcfa7ff940dd78ae3fef0070bf68644ad606f48
repurposing_snapshot/expected_attrition.tsv,1261,89c77384379623395bd2a078bd1ba7ac05b4a3d801f01c91aab3a446c17281de
repurposing_snapshot/expected_negative_control_wrong_direction.tsv,8784,ee72c254e47164fb7951273cbc282564571b6715d0b737a9670fc7f1f2f5825a
repurposing_snapshot/expected_section_b_candidates.tsv,7590,add2e1f39afdc3d7412ca4314f8ab9a7558fd8039e5c3443a98e03bd10cb578c
repurposing_snapshot/gene_sets.tsv,14939,54da8712adaf739479c35abb315f7eebd0af1240741e9c9a35cedb79834f677c
repurposing_snapshot/lowcount_screen.tsv,4492,46f7d56d68023d2c5c7eb9f4d19c0e35383ffb8b19ca26e31104caa8888801a8
repurposing_snapshot/mechanism_concordance_curated.tsv,4250,0b0f6e1d0e57028e94664f7ef4e931b0c97a5b5cdc24ff823f14c1ecab9e5033
repurposing_snapshot/mechanism_refs.tsv,253713,eb0f32da0002d588bf6a826d9eb9ec67f3aa5c56650b75dc4de037182241b809
repurposing_snapshot/neighbour_direction.tsv,27239,53873e2ba80be33bd1d278c10aa5dd08ab0236dc53ff00be11bab9bc3fd5bb94
