gsm	series_accession
GSM3615324	GSE126848
GSM3615325	GSE126848
GSM3615326	GSE126848
GSM3615327	GSE126848
GSM3615328	GSE126848
GSM3615329	GSE126848
GSM3615330	GSE126848
GSM3615331	GSE126848
GSM3615332	GSE126848
GSM3615333	GSE126848
GSM3615334	GSE126848
GSM3615335	GSE126848
GSM3615336	GSE126848
GSM3615337	GSE126848
GSM3615293	GSE126848
GSM3615308	GSE126848
GSM3615294	GSE126848
GSM3615295	GSE126848
GSM3615309	GSE126848
GSM3615296	GSE126848
GSM3615297	GSE126848
GSM3615310	GSE126848
GSM3615298	GSE126848
GSM3615311	GSE126848
GSM3615299	GSE126848
GSM3615312	GSE126848
GSM3615300	GSE126848
GSM3615301	GSE126848
GSM3615313	GSE126848
GSM3615314	GSE126848
GSM3615315	GSE126848
GSM3615302	GSE126848
GSM3615316	GSE126848
GSM3615303	GSE126848
GSM3615317	GSE126848
GSM3615318	GSE126848
GSM3615304	GSE126848
GSM3615319	GSE126848
GSM3615305	GSE126848
GSM3615320	GSE126848
GSM3615321	GSE126848
GSM3615322	GSE126848
GSM3615306	GSE126848
GSM3615323	GSE126848
GSM3615307	GSE126848
GSM3998167	GSE135251
GSM3998168	GSE135251
GSM3998169	GSE135251
GSM3998170	GSE135251
GSM3998171	GSE135251
GSM3998172	GSE135251
GSM3998173	GSE135251
GSM3998174	GSE135251
GSM3998175	GSE135251
GSM3998176	GSE135251
GSM3998177	GSE135251
GSM3998178	GSE135251
GSM3998179	GSE135251
GSM3998180	GSE135251
GSM3998181	GSE135251
GSM3998182	GSE135251
GSM3998183	GSE135251
GSM3998184	GSE135251
GSM3998185	GSE135251
GSM3998186	GSE135251
GSM3998187	GSE135251
GSM3998188	GSE135251
GSM3998189	GSE135251
GSM3998190	GSE135251
GSM3998191	GSE135251
GSM3998192	GSE135251
GSM3998193	GSE135251
GSM3998194	GSE135251
GSM3998195	GSE135251
GSM3998196	GSE135251
GSM3998197	GSE135251
GSM3998198	GSE135251
GSM3998199	GSE135251
GSM3998200	GSE135251
GSM3998201	GSE135251
GSM3998202	GSE135251
GSM3998203	GSE135251
GSM3998204	GSE135251
GSM3998205	GSE135251
GSM3998206	GSE135251
GSM3998207	GSE135251
GSM3998208	GSE135251
GSM3998209	GSE135251
GSM3998210	GSE135251
GSM3998211	GSE135251
GSM3998212	GSE135251
GSM3998213	GSE135251
GSM3998214	GSE135251
GSM3998215	GSE135251
GSM3998216	GSE135251
GSM3998217	GSE135251
GSM3998218	GSE135251
GSM3998219	GSE135251
GSM3998220	GSE135251
GSM3998221	GSE135251
GSM3998222	GSE135251
GSM3998223	GSE135251
GSM3998224	GSE135251
GSM3998225	GSE135251
GSM3998226	GSE135251
GSM3998227	GSE135251
GSM3998228	GSE135251
GSM3998229	GSE135251
GSM3998230	GSE135251
GSM3998231	GSE135251
GSM3998232	GSE135251
GSM3998233	GSE135251
GSM3998234	GSE135251
GSM3998235	GSE135251
GSM3998236	GSE135251
GSM3998237	GSE135251
GSM3998238	GSE135251
GSM3998239	GSE135251
GSM3998240	GSE135251
GSM3998241	GSE135251
GSM3998242	GSE135251
GSM3998243	GSE135251
GSM3998244	GSE135251
GSM3998245	GSE135251
GSM3998246	GSE135251
GSM3998247	GSE135251
GSM3998248	GSE135251
GSM3998249	GSE135251
GSM3998250	GSE135251
GSM3998251	GSE135251
GSM3998252	GSE135251
GSM3998253	GSE135251
GSM3998254	GSE135251
GSM3998255	GSE135251
GSM3998256	GSE135251
GSM3998257	GSE135251
GSM3998258	GSE135251
GSM3998259	GSE135251
GSM3998260	GSE135251
GSM3998261	GSE135251
GSM3998262	GSE135251
GSM3998263	GSE135251
GSM3998264	GSE135251
GSM3998265	GSE135251
GSM3998266	GSE135251
GSM3998267	GSE135251
GSM3998268	GSE135251
GSM3998269	GSE135251
GSM3998270	GSE135251
GSM3998271	GSE135251
GSM3998272	GSE135251
GSM3998273	GSE135251
GSM3998274	GSE135251
GSM3998275	GSE135251
GSM3998276	GSE135251
GSM3998277	GSE135251
GSM3998278	GSE135251
GSM3998279	GSE135251
GSM3998280	GSE135251
GSM3998281	GSE135251
GSM3998282	GSE135251
GSM3998283	GSE135251
GSM3998284	GSE135251
GSM3998285	GSE135251
GSM3998286	GSE135251
GSM3998287	GSE135251
GSM3998288	GSE135251
GSM3998289	GSE135251
GSM3998290	GSE135251
GSM3998291	GSE135251
GSM3998292	GSE135251
GSM3998293	GSE135251
GSM3998294	GSE135251
GSM3998295	GSE135251
GSM3998296	GSE135251
GSM3998297	GSE135251
GSM3998298	GSE135251
GSM3998299	GSE135251
GSM3998300	GSE135251
GSM3998301	GSE135251
GSM3998302	GSE135251
GSM3998303	GSE135251
GSM3998304	GSE135251
GSM3998305	GSE135251
GSM3998306	GSE135251
GSM3998307	GSE135251
GSM3998308	GSE135251
GSM3998309	GSE135251
GSM3998310	GSE135251
GSM3998311	GSE135251
GSM3998312	GSE135251
GSM3998313	GSE135251
GSM3998314	GSE135251
GSM3998315	GSE135251
GSM3998316	GSE135251
GSM3998317	GSE135251
GSM3998318	GSE135251
GSM3998319	GSE135251
GSM3998320	GSE135251
GSM3998321	GSE135251
GSM3998322	GSE135251
GSM3998323	GSE135251
GSM3998324	GSE135251
GSM3998325	GSE135251
GSM3998326	GSE135251
GSM3998327	GSE135251
GSM3998328	GSE135251
GSM3998329	GSE135251
GSM3998330	GSE135251
GSM3998331	GSE135251
GSM3998332	GSE135251
GSM3998333	GSE135251
GSM3998334	GSE135251
GSM3998335	GSE135251
GSM3998336	GSE135251
GSM3998337	GSE135251
GSM3998338	GSE135251
GSM3998339	GSE135251
GSM3998340	GSE135251
GSM3998341	GSE135251
GSM3998342	GSE135251
GSM3998343	GSE135251
GSM3998344	GSE135251
GSM3998345	GSE135251
GSM3998346	GSE135251
GSM3998347	GSE135251
GSM3998348	GSE135251
GSM3998349	GSE135251
GSM3998350	GSE135251
GSM3998351	GSE135251
GSM3998352	GSE135251
GSM3998353	GSE135251
GSM3998354	GSE135251
GSM3998355	GSE135251
GSM3998356	GSE135251
GSM3998357	GSE135251
GSM3998358	GSE135251
GSM3998359	GSE135251
GSM3998360	GSE135251
GSM3998361	GSE135251
GSM3998362	GSE135251
GSM3998363	GSE135251
GSM3998364	GSE135251
GSM3998365	GSE135251
GSM3998366	GSE135251
GSM3998367	GSE135251
GSM3998368	GSE135251
GSM3998369	GSE135251
GSM3998370	GSE135251
GSM3998371	GSE135251
GSM3998372	GSE135251
GSM3998373	GSE135251
GSM3998374	GSE135251
GSM3998375	GSE135251
GSM3998376	GSE135251
GSM3998377	GSE135251
GSM3998378	GSE135251
GSM3998379	GSE135251
GSM3998380	GSE135251
GSM3998381	GSE135251
GSM3998382	GSE135251
GSM4957321	GSE162694
GSM4957322	GSE162694
GSM4957323	GSE162694
GSM4957324	GSE162694
GSM4957325	GSE162694
GSM4957326	GSE162694
GSM4957327	GSE162694
GSM4957328	GSE162694
GSM4957329	GSE162694
GSM4957330	GSE162694
GSM4957331	GSE162694
GSM4957332	GSE162694
GSM4957333	GSE162694
GSM4957334	GSE162694
GSM4957335	GSE162694
GSM4957336	GSE162694
GSM4957337	GSE162694
GSM4957338	GSE162694
GSM4957339	GSE162694
GSM4957340	GSE162694
GSM4957341	GSE162694
GSM4957342	GSE162694
GSM4957343	GSE162694
GSM4957344	GSE162694
GSM4957345	GSE162694
GSM4957346	GSE162694
GSM4957347	GSE162694
GSM4957348	GSE162694
GSM4957349	GSE162694
GSM4957350	GSE162694
GSM4957351	GSE162694
GSM4957352	GSE162694
GSM4957353	GSE162694
GSM4957354	GSE162694
GSM4957355	GSE162694
GSM4957356	GSE162694
GSM4957357	GSE162694
GSM4957358	GSE162694
GSM4957359	GSE162694
GSM4957360	GSE162694
GSM4957361	GSE162694
GSM4957362	GSE162694
GSM4957363	GSE162694
GSM4957364	GSE162694
GSM4957365	GSE162694
GSM4957366	GSE162694
GSM4957367	GSE162694
GSM4957368	GSE162694
GSM4957369	GSE162694
GSM4957370	GSE162694
GSM4957371	GSE162694
GSM4957372	GSE162694
GSM4957373	GSE162694
GSM4957374	GSE162694
GSM4957375	GSE162694
GSM4957376	GSE162694
GSM4957377	GSE162694
GSM4957378	GSE162694
GSM4957379	GSE162694
GSM4957380	GSE162694
GSM4957381	GSE162694
GSM4957382	GSE162694
GSM4957383	GSE162694
GSM4957384	GSE162694
GSM4957385	GSE162694
GSM4957386	GSE162694
GSM4957387	GSE162694
GSM4957388	GSE162694
GSM4957389	GSE162694
GSM4957390	GSE162694
GSM4957391	GSE162694
GSM4957392	GSE162694
GSM4957393	GSE162694
GSM4957394	GSE162694
GSM4957395	GSE162694
GSM4957396	GSE162694
GSM4957397	GSE162694
GSM4957398	GSE162694
GSM4957399	GSE162694
GSM4957400	GSE162694
GSM4957401	GSE162694
GSM4957402	GSE162694
GSM4957403	GSE162694
GSM4957404	GSE162694
GSM4957405	GSE162694
GSM4957406	GSE162694
GSM4957407	GSE162694
GSM4957408	GSE162694
GSM4957409	GSE162694
GSM4957410	GSE162694
GSM4957411	GSE162694
GSM4957412	GSE162694
GSM4957413	GSE162694
GSM4957414	GSE162694
GSM4957415	GSE162694
GSM4957416	GSE162694
GSM4957417	GSE162694
GSM4957418	GSE162694
GSM4957419	GSE162694
GSM4957420	GSE162694
GSM4957421	GSE162694
GSM4957422	GSE162694
GSM4957423	GSE162694
GSM4957424	GSE162694
GSM4957425	GSE162694
GSM4957426	GSE162694
GSM4957427	GSE162694
GSM4957428	GSE162694
GSM4957429	GSE162694
GSM4957430	GSE162694
GSM4957431	GSE162694
GSM4957432	GSE162694
GSM4957433	GSE162694
GSM4957434	GSE162694
GSM4957435	GSE162694
GSM4957436	GSE162694
GSM4957437	GSE162694
GSM4957438	GSE162694
GSM4957439	GSE162694
GSM4957440	GSE162694
GSM4957441	GSE162694
GSM4957442	GSE162694
GSM4957443	GSE162694
GSM4957444	GSE162694
GSM4957445	GSE162694
GSM4957446	GSE162694
GSM4957447	GSE162694
GSM4957448	GSE162694
GSM4957449	GSE162694
GSM4957450	GSE162694
GSM4957451	GSE162694
GSM4957452	GSE162694
GSM4957453	GSE162694
GSM4957454	GSE162694
GSM4957455	GSE162694
GSM4957456	GSE162694
GSM4957457	GSE162694
GSM4957458	GSE162694
GSM4957459	GSE162694
GSM4957460	GSE162694
GSM4957461	GSE162694
GSM4957462	GSE162694
GSM4957463	GSE162694
GSM5553626	GSE183229
GSM5553627	GSE183229
GSM5553628	GSE183229
GSM5553629	GSE183229
GSM5553630	GSE183229
GSM5553631	GSE183229
GSM5553632	GSE183229
GSM5553633	GSE183229
GSM5553634	GSE183229
GSM5553635	GSE183229
GSM5553636	GSE183229
GSM5553637	GSE183229
GSM5553638	GSE183229
GSM5553639	GSE183229
GSM5553640	GSE183229
GSM5553641	GSE183229
GSM5604618	GSE185051
GSM5604640	GSE185051
GSM5604648	GSE185051
GSM5604642	GSE185051
GSM5604637	GSE185051
GSM5604641	GSE185051
GSM5604656	GSE185051
GSM5604639	GSE185051
GSM5604619	GSE185051
GSM5604620	GSE185051
GSM5604621	GSE185051
GSM5604622	GSE185051
GSM5604623	GSE185051
GSM5604624	GSE185051
GSM5604625	GSE185051
GSM5604626	GSE185051
GSM5604627	GSE185051
GSM5604628	GSE185051
GSM5604629	GSE185051
GSM5604630	GSE185051
GSM5604631	GSE185051
GSM5604632	GSE185051
GSM5604633	GSE185051
GSM5604634	GSE185051
GSM5604635	GSE185051
GSM5604636	GSE185051
GSM5604638	GSE185051
GSM5604643	GSE185051
GSM5604644	GSE185051
GSM5604645	GSE185051
GSM5604646	GSE185051
GSM5604647	GSE185051
GSM5604649	GSE185051
GSM5604650	GSE185051
GSM5604651	GSE185051
GSM5604652	GSE185051
GSM5604653	GSE185051
GSM5604654	GSE185051
GSM5604655	GSE185051
GSM5604657	GSE185051
GSM5604658	GSE185051
GSM5604659	GSE185051
GSM5604660	GSE185051
GSM5604661	GSE185051
GSM5604662	GSE185051
GSM5604663	GSE185051
GSM5604664	GSE185051
GSM5604665	GSE185051
GSM5604666	GSE185051
GSM5604667	GSE185051
GSM5604668	GSE185051
GSM5604669	GSE185051
GSM5604670	GSE185051
GSM5604671	GSE185051
GSM5604672	GSE185051
GSM5604673	GSE185051
GSM5604674	GSE185051
GSM8122035	GSE260666
GSM8122036	GSE260666
GSM8122037	GSE260666
GSM8122038	GSE260666
GSM8122039	GSE260666
GSM8122040	GSE260666
GSM8122041	GSE260666
GSM8122042	GSE260666
GSM8122047	GSE260666
GSM8122048	GSE260666
GSM8122049	GSE260666
GSM8122050	GSE260666
GSM8122043	GSE260666
GSM8122044	GSE260666
GSM8122045	GSE260666
GSM8122046	GSE260666
GSM8290092	GSE268360
GSM8290093	GSE268360
GSM8290094	GSE268360
GSM8290095	GSE268360
GSM8290096	GSE268360
GSM8290097	GSE268360
GSM8290098	GSE268360
GSM8290099	GSE268360
GSM8290100	GSE268360
GSM8290101	GSE268360
GSM8290102	GSE268360
GSM8290103	GSE268360
GSM8290104	GSE268360
GSM8290105	GSE268360
GSM8290106	GSE268360
GSM8290107	GSE268360
GSM8290108	GSE268360
GSM8290109	GSE268360
GSM8630050	GSE281797
GSM8630051	GSE281797
GSM8630052	GSE281797
GSM8630053	GSE281797
GSM8630054	GSE281797
GSM8630055	GSE281797
GSM8630056	GSE281797
GSM8630057	GSE281797
GSM8630058	GSE281797
GSM8630059	GSE281797
GSM8630060	GSE281797
GSM8630061	GSE281797
GSM8630062	GSE281797
GSM8630063	GSE281797
GSM8630064	GSE281797
GSM8630065	GSE281797
GSM8630066	GSE281797
GSM8630067	GSE281797
GSM8630068	GSE281797
GSM8630069	GSE281797
GSM8630070	GSE281797
GSM8630071	GSE281797
GSM8630072	GSE281797
GSM8630073	GSE281797
GSM8630074	GSE281797
GSM8630075	GSE281797
GSM8630076	GSE281797
GSM8630077	GSE281797
GSM8630078	GSE281797
GSM8630079	GSE281797
GSM8630080	GSE281797
GSM8630081	GSE281797
GSM8630082	GSE281797
GSM8630083	GSE281797
GSM8630084	GSE281797
GSM8630085	GSE281797
GSM8630086	GSE281797
GSM8630087	GSE281797
GSM8630088	GSE281797
GSM8630089	GSE281797
GSM8630090	GSE281797
GSM8630091	GSE281797
GSM8630092	GSE281797
GSM8630093	GSE281797
GSM8630094	GSE281797
GSM8630095	GSE281797
GSM8630096	GSE281797
GSM8630097	GSE281797
GSM8630098	GSE281797
GSM8630099	GSE281797
GSM8630100	GSE281797
GSM8630101	GSE281797
GSM8630102	GSE281797
GSM8630103	GSE281797
GSM8630104	GSE281797
GSM8630105	GSE281797
GSM8630106	GSE281797
GSM8630107	GSE281797
GSM8630108	GSE281797
GSM8630109	GSE281797
GSM8630110	GSE281797
GSM8630111	GSE281797
GSM8630112	GSE281797
GSM8630113	GSE281797
GSM8630114	GSE281797
GSM8630115	GSE281797
GSM8630116	GSE281797
GSM8630117	GSE281797
GSM8630118	GSE281797
GSM8630119	GSE281797
GSM8630120	GSE281797
GSM8630121	GSE281797
GSM8630122	GSE281797
GSM8630123	GSE281797
GSM8630124	GSE281797
GSM8630125	GSE281797
GSM8630126	GSE281797
GSM8630127	GSE281797
GSM8630128	GSE281797
GSM8630129	GSE281797
GSM8630130	GSE281797
GSM8630131	GSE281797
GSM8630132	GSE281797
GSM8630133	GSE281797
GSM8630134	GSE281797
GSM8630135	GSE281797
GSM8630136	GSE281797
GSM8630137	GSE281797
GSM8630138	GSE281797
GSM8630139	GSE281797
GSM8630140	GSE281797
GSM8630141	GSE281797
GSM8630142	GSE281797
GSM8630143	GSE281797
