symbol	ensembl_gene_id	degree	betweenness
ERBB2	ENSG00000141736	22	0.07999
ALDH18A1	ENSG00000059573	19	0.04145
SQSTM1	ENSG00000161011	17	0.04182
IGF1	ENSG00000017427	17	0.04047
CYP3A4	ENSG00000160868	16	0.02679
NRXN1	ENSG00000179915	15	0.0394
SOD1	ENSG00000142168	14	0.04224
ACLY	ENSG00000131473	14	0.03311
CTSD	ENSG00000117984	14	0.0297
BRAF	ENSG00000157764	13	0.02637
LPL	ENSG00000175445	13	0.02109
CASP1	ENSG00000137752	13	0.01777
BECN1	ENSG00000126581	13	0.01442
IDH2	ENSG00000182054	12	0.03371
H2BC4	ENSG00000180596	12	0.01154
L1CAM	ENSG00000198910	11	0.03314
H2BC12	ENSG00000197903	11	0.01854
SLCO1A2	ENSG00000084453	11	0.00623
DAXX	ENSG00000204209	10	0.0252
GPD1	ENSG00000167588	10	0.01815
ITGAV	ENSG00000138448	10	0.01633
GOT1	ENSG00000120053	10	0.01523
UBE2T	ENSG00000077152	10	0.01026
FABP4	ENSG00000170323	10	0.00934
OAT	ENSG00000065154	10	0.00918
COL5A2	ENSG00000204262	10	0.00878
RNF4	ENSG00000063978	9	0.02853
FANCA	ENSG00000187741	9	0.01358
CD151	ENSG00000177697	9	0.01229
NRXN3	ENSG00000021645	9	0.00966
SLC35A2	ENSG00000102100	9	0.00452
CYP2C19	ENSG00000165841	9	0.00018
CYP2C8	ENSG00000138115	9	0.00018
ENO3	ENSG00000108515	8	0.02073
ADHFE1	ENSG00000147576	8	0.01711
MSN	ENSG00000147065	8	0.01709
ERVW-1	ENSG00000242950	8	0.01332
CDK5	ENSG00000164885	8	0.0114
OPTN	ENSG00000123240	8	0.01124
MGLL	ENSG00000074416	8	0.01082
HP	ENSG00000257017	8	0.01019
PTPRD	ENSG00000153707	8	0.00811
TLR7	ENSG00000196664	8	0.007
H2AC7	ENSG00000196866	8	0.00676
PGD	ENSG00000142657	8	0.00318
UGT1A8	ENSG00000242366	8	0.00155
IMP3	ENSG00000177971	7	0.0127
NEGR1	ENSG00000172260	7	0.01006
AZGP1	ENSG00000160862	7	0.00751
P4HA2	ENSG00000072682	7	0.00505
P4HA1	ENSG00000122884	7	0.00494
ME1	ENSG00000065833	7	0.00219
UGT2A2	ENSG00000271271	7	0.0013
PPP5C	ENSG00000011485	6	0.0186
PLCB1	ENSG00000182621	6	0.01234
PLP1	ENSG00000123560	6	0.01028
ADH7	ENSG00000196344	6	0.00967
CNDP2	ENSG00000133313	6	0.00868
CHD1	ENSG00000153922	6	0.00822
FGB	ENSG00000171564	6	0.0081
FBXO6	ENSG00000116663	6	0.00708
RFWD3	ENSG00000168411	6	0.00681
MMP14	ENSG00000157227	6	0.00636
PLPP4	ENSG00000203805	6	0.00585
HPRT1	ENSG00000165704	6	0.00507
MAD2L2	ENSG00000116670	6	0.00385
PLA2G7	ENSG00000146070	6	0.0035
COL25A1	ENSG00000188517	6	0.00315
ITGA6	ENSG00000091409	6	0.00245
COL28A1	ENSG00000215018	6	0.00158
MGST3	ENSG00000143198	6	0.00126
PLOD3	ENSG00000106397	6	0.0012
TAS2R13	ENSG00000212128	6	0.0
TAS2R19	ENSG00000212124	6	0.0
TAS2R20	ENSG00000255837	6	0.0
TAS2R30	ENSG00000256188	6	0.0
TAS2R31	ENSG00000256436	6	0.0
TAS2R42	ENSG00000186136	6	0.0
TAS2R50	ENSG00000212126	6	0.0
PAH	ENSG00000171759	5	0.0127
DNAJC12	ENSG00000108176	5	0.00998
NECTIN1	ENSG00000110400	5	0.00892
DPYSL2	ENSG00000092964	5	0.00878
ACVR2B	ENSG00000114739	5	0.00858
UGT8	ENSG00000174607	5	0.00836
UNC119	ENSG00000109103	5	0.00789
PLD4	ENSG00000166428	5	0.00781
PSMC4	ENSG00000013275	5	0.00739
GPNMB	ENSG00000136235	5	0.00619
FBXO2	ENSG00000116661	5	0.00551
LGALS3BP	ENSG00000108679	5	0.00537
CXCL9	ENSG00000138755	5	0.00514
ECT2	ENSG00000114346	5	0.00507
ENPP1	ENSG00000197594	5	0.00448
AJUBA	ENSG00000129474	5	0.00447
TUBG1	ENSG00000131462	5	0.00442
CYP11A1	ENSG00000140459	5	0.0041
GPC6	ENSG00000183098	5	0.0041
HPR	ENSG00000261701	5	0.00349
LPIN2	ENSG00000101577	5	0.00299
AGPAT1	ENSG00000204310	5	0.00263
PBK	ENSG00000168078	5	0.00256
GSTM4	ENSG00000168765	5	0.0004
SULT1E1	ENSG00000109193	5	0.00027
BRIP1	ENSG00000136492	5	0.00015
SLC22A2	ENSG00000112499	5	0.0
POMGNT1	ENSG00000085998	4	0.0118
SRSF5	ENSG00000100650	4	0.01078
USP5	ENSG00000111667	4	0.00924
AMFR	ENSG00000159461	4	0.00909
TRIT1	ENSG00000043514	4	0.00908
PYY	ENSG00000131096	4	0.00862
RCC1	ENSG00000180198	4	0.00766
GLA	ENSG00000102393	4	0.00749
GPC1	ENSG00000063660	4	0.00747
ASXL1	ENSG00000171456	4	0.00678
MB	ENSG00000198125	4	0.00657
UBL7	ENSG00000138629	4	0.00635
ATP6V0D1	ENSG00000159720	4	0.00604
TSPAN5	ENSG00000168785	4	0.00549
DTNA	ENSG00000134769	4	0.00546
CTNNA3	ENSG00000183230	4	0.00484
FZD4	ENSG00000174804	4	0.00478
LMO7	ENSG00000136153	4	0.00456
CCT6B	ENSG00000132141	4	0.00435
PPIE	ENSG00000084072	4	0.00394
CHCHD7	ENSG00000170791	4	0.00381
BCAP31	ENSG00000185825	4	0.00355
GCH1	ENSG00000131979	4	0.00341
TGFBI	ENSG00000120708	4	0.00332
PLRG1	ENSG00000171566	4	0.00323
IGFBP2	ENSG00000115457	4	0.00281
PRKCE	ENSG00000171132	4	0.00193
CTSG	ENSG00000100448	4	0.0019
BLNK	ENSG00000095585	4	0.00189
NDE1	ENSG00000072864	4	0.00174
GDF9	ENSG00000164404	4	0.00158
NSUN6	ENSG00000241058	4	0.00146
TREM2	ENSG00000095970	4	0.00124
SULF1	ENSG00000137573	4	0.00098
CTNNA2	ENSG00000066032	4	0.00062
PSEN2	ENSG00000143801	4	0.00025
ACVR1C	ENSG00000123612	4	0.00024
MCM6	ENSG00000076003	4	0.0
RACGAP1	ENSG00000161800	4	0.0
TTF2	ENSG00000116830	3	0.01051
EFNB3	ENSG00000108947	3	0.00742
SLC9A3R1		3	0.00584
PCDH10	ENSG00000138650	3	0.00578
TMTC1	ENSG00000133687	3	0.00512
DNAJC19	ENSG00000205981	3	0.00499
AQP3	ENSG00000165272	3	0.00383
CMYA5	ENSG00000164309	3	0.00382
FAT1	ENSG00000083857	3	0.00374
IL1RAP	ENSG00000196083	3	0.00342
IGSF3	ENSG00000143061	3	0.00322
RNASE1	ENSG00000129538	3	0.0032
FUT4	ENSG00000196371	3	0.00317
CFHR4	ENSG00000134365	3	0.00303
RPS6KA1	ENSG00000117676	3	0.00302
GALNT18	ENSG00000110328	3	0.00275
TRPV4	ENSG00000111199	3	0.00274
ACOT8	ENSG00000101473	3	0.00271
CXCL6	ENSG00000124875	3	0.00269
EFL1	ENSG00000140598	3	0.00261
ATG2B	ENSG00000066739	3	0.00256
ELOVL1	ENSG00000066322	3	0.00256
GDF7	ENSG00000143869	3	0.00256
PAFAH2	ENSG00000158006	3	0.00256
SYT7	ENSG00000011347	3	0.00256
SYT12	ENSG00000173227	3	0.00211
MTUS1	ENSG00000129422	3	0.00179
ABCB4	ENSG00000005471	3	0.00167
PDE5A	ENSG00000138735	3	0.00137
WDR59	ENSG00000103091	3	0.00132
GRIA3	ENSG00000125675	3	0.00128
TPH2	ENSG00000139287	3	0.00124
INHBE	ENSG00000139269	3	0.00087
ABHD14A-ACY1	ENSG00000114786	3	0.00085
GLRA2	ENSG00000101958	3	0.00073
SLITRK3	ENSG00000121871	3	0.00045
FBXO4	ENSG00000151876	3	0.00016
KYAT3	ENSG00000137944	3	0.00016
GRID1	ENSG00000182771	3	0.00015
ING3	ENSG00000071243	3	8e-05
WDR43	ENSG00000163811	3	7e-05
APOF	ENSG00000175336	3	0.0
CPT1B	ENSG00000205560	3	0.0
DCLRE1B	ENSG00000118655	3	0.0
HOXA3	ENSG00000105997	3	0.0
ACOT6	ENSG00000205669	2	0.00493
GNA12	ENSG00000146535	2	0.00435
LDLRAP1	ENSG00000157978	2	0.00372
TCEA3	ENSG00000204219	2	0.00337
ACAD9	ENSG00000177646	2	0.00269
BIVM-ERCC5	ENSG00000270181	2	0.00256
BLMH	ENSG00000108578	2	0.00256
BSDC1	ENSG00000160058	2	0.00256
CERK	ENSG00000100422	2	0.00256
KCNB1	ENSG00000158445	2	0.00256
LACC1	ENSG00000179630	2	0.00256
NUP62CL	ENSG00000198088	2	0.00256
PLD6	ENSG00000179598	2	0.00256
RPUSD3	ENSG00000156990	2	0.00256
DCAF16	ENSG00000163257	2	0.00203
ASPA	ENSG00000108381	2	0.00193
OLFM2	ENSG00000105088	2	0.00161
C8A	ENSG00000157131	2	0.00136
ANKMY2	ENSG00000106524	2	0.00129
CRPPA	ENSG00000214960	2	0.00127
DNAJC25	ENSG00000059769	2	0.00126
PDIA5	ENSG00000065485	2	0.00123
SGCB	ENSG00000163069	2	0.00117
ACTR1B	ENSG00000115073	2	0.00111
SALL4	ENSG00000101115	2	0.0011
ATL2	ENSG00000119787	2	0.00102
TXK	ENSG00000074966	2	0.00088
ABCA8	ENSG00000141338	2	0.00073
SLAMF8	ENSG00000158714	2	0.00069
LDLRAD4	ENSG00000168675	2	0.00063
RTN1	ENSG00000139970	2	0.00059
CUL4B	ENSG00000158290	2	0.00054
ADNP	ENSG00000101126	2	0.0005
PCOLCE2	ENSG00000163710	2	0.00039
POGK	ENSG00000143157	2	0.00039
ARPC2	ENSG00000163466	2	0.00033
MECR	ENSG00000116353	2	0.0003
ASXL3	ENSG00000141431	2	0.00027
HERC5	ENSG00000138646	2	0.00026
DIRAS3	ENSG00000162595	2	0.00021
NEO1	ENSG00000067141	2	0.00015
NLRX1	ENSG00000160703	2	0.00014
LYZL1	ENSG00000120563	2	0.00013
KAT6B	ENSG00000156650	2	8e-05
OAS3	ENSG00000111331	2	3e-05
DEXI	ENSG00000182108	2	2e-05
RRH	ENSG00000180245	2	2e-05
DYNLRB2	ENSG00000168589	2	1e-05
MANSC4	ENSG00000205693	2	1e-05
PER2	ENSG00000132326	2	1e-05
SPRYD3	ENSG00000167778	2	1e-05
ADAMTS12	ENSG00000151388	2	0.0
AQP1	ENSG00000240583	2	0.0
CENPC	ENSG00000145241	2	0.0
CNKSR2	ENSG00000149970	2	0.0
CNTD1	ENSG00000176563	2	0.0
FNDC5	ENSG00000160097	2	0.0
FNIP1	ENSG00000217128	2	0.0
GPM6B	ENSG00000046653	2	0.0
IPO13	ENSG00000117408	2	0.0
MACROH2A2	ENSG00000099284	2	0.0
MON1A	ENSG00000164077	2	0.0
MRAS	ENSG00000158186	2	0.0
NIN	ENSG00000100503	2	0.0
PRKAA2	ENSG00000162409	2	0.0
TEC	ENSG00000135605	2	0.0
TEX10	ENSG00000136891	2	0.0
TIMM22	ENSG00000177370	2	0.0
TMEM18	ENSG00000151353	2	0.0
ADCK2	ENSG00000133597	1	0.0
ANXA11	ENSG00000122359	1	0.0
APOL5	ENSG00000128313	1	0.0
ARL2BP	ENSG00000102931	1	0.0
ASB4	ENSG00000005981	1	0.0
CALCB	ENSG00000175868	1	0.0
CAP2	ENSG00000112186	1	0.0
CAPG	ENSG00000042493	1	0.0
CCDC181	ENSG00000117477	1	0.0
CCDC51	ENSG00000164051	1	0.0
CD109	ENSG00000156535	1	0.0
CDNF	ENSG00000185267	1	0.0
CENPV	ENSG00000166582	1	0.0
CEP57	ENSG00000166037	1	0.0
CLN6	ENSG00000128973	1	0.0
CNGA1	ENSG00000198515	1	0.0
CNPY3	ENSG00000137161	1	0.0
CPNE6	ENSG00000100884	1	0.0
CYP4F22	ENSG00000171954	1	0.0
DBNDD1	ENSG00000003249	1	0.0
DEFB1	ENSG00000164825	1	0.0
DHRS12	ENSG00000102796	1	0.0
DHRS9	ENSG00000073737	1	0.0
DIPK2A	ENSG00000181744	1	0.0
DISP1	ENSG00000154309	1	0.0
DMTN	ENSG00000158856	1	0.0
EBF3	ENSG00000108001	1	0.0
EFHD1	ENSG00000115468	1	0.0
EPDR1	ENSG00000086289	1	0.0
ERICH3	ENSG00000178965	1	0.0
FBXO21	ENSG00000135108	1	0.0
FMO5	ENSG00000131781	1	0.0
FRMD4B	ENSG00000114541	1	0.0
GPHA2	ENSG00000149735	1	0.0
HKDC1	ENSG00000156510	1	0.0
HPS5	ENSG00000110756	1	0.0
HS1BP3	ENSG00000118960	1	0.0
HTRA1	ENSG00000166033	1	0.0
IP6K3	ENSG00000161896	1	0.0
IVNS1ABP	ENSG00000116679	1	0.0
KCNK1	ENSG00000135750	1	0.0
KCNT2	ENSG00000162687	1	0.0
KCTD6	ENSG00000168301	1	0.0
KDM7A	ENSG00000006459	1	0.0
KRTCAP3	ENSG00000157992	1	0.0
LASP1	ENSG00000002834	1	0.0
LGALS9B	ENSG00000170298	1	0.0
LSAMP	ENSG00000185565	1	0.0
MAEL	ENSG00000143194	1	0.0
MEGF10	ENSG00000145794	1	0.0
MMP15	ENSG00000102996	1	0.0
MPZL3	ENSG00000160588	1	0.0
NEURL1	ENSG00000107954	1	0.0
NFXL1	ENSG00000170448	1	0.0
NKIRAS2	ENSG00000168256	1	0.0
NLRP6	ENSG00000174885	1	0.0
NMNAT3	ENSG00000163864	1	0.0
OAZ3	ENSG00000143450	1	0.0
OLAH	ENSG00000152463	1	0.0
OR7A5	ENSG00000188269	1	0.0
OSBPL1A	ENSG00000141447	1	0.0
PACSIN3	ENSG00000165912	1	0.0
PELI1	ENSG00000197329	1	0.0
PER3	ENSG00000049246	1	0.0
PGPEP1	ENSG00000130517	1	0.0
PI4K2A	ENSG00000155252	1	0.0
PPP1R9B	ENSG00000108819	1	0.0
PSPN	ENSG00000125650	1	0.0
PXMP4	ENSG00000101417	1	0.0
RAB27B	ENSG00000041353	1	0.0
RALGAPA1	ENSG00000174373	1	0.0
RBMXL2	ENSG00000170748	1	0.0
RFX5	ENSG00000143390	1	0.0
RGPD5	ENSG00000015568	1	0.0
RMND5B	ENSG00000145916	1	0.0
SLC19A2	ENSG00000117479	1	0.0
SLC25A32	ENSG00000164933	1	0.0
SLC44A3	ENSG00000143036	1	0.0
SLC48A1	ENSG00000211584	1	0.0
SMARCD2	ENSG00000108604	1	0.0
SNCAIP	ENSG00000064692	1	0.0
SNX17	ENSG00000115234	1	0.0
SORCS1	ENSG00000108018	1	0.0
SPA17	ENSG00000064199	1	0.0
ST3GAL2	ENSG00000157350	1	0.0
SULF2	ENSG00000196562	1	0.0
TENM3	ENSG00000218336	1	0.0
TMEM161B	ENSG00000164180	1	0.0
TMEM212	ENSG00000186329	1	0.0
TMEM41B	ENSG00000166471	1	0.0
TTBK1	ENSG00000146216	1	0.0
TTC38	ENSG00000075234	1	0.0
UGT2A1	ENSG00000173610	1	0.0
VIL1	ENSG00000127831	1	0.0
WNT9A	ENSG00000143816	1	0.0
XKR4	ENSG00000206579	1	0.0
YTHDC1	ENSG00000083896	1	0.0
ZBTB10	ENSG00000205189	1	0.0
ZNF280D	ENSG00000137871	1	0.0
ZSWIM5	ENSG00000162415	1	0.0
WBP11	ENSG00000084463	1	0.0
ABRA	ENSG00000174429	0	0.0
ALPK2	ENSG00000198796	0	0.0
AMDHD1	ENSG00000139344	0	0.0
ANKRD20A2P	ENSG00000183148	0	0.0
ANO10	ENSG00000160746	0	0.0
AP1B1	ENSG00000100280	0	0.0
APOL4	ENSG00000100336	0	0.0
AQP4	ENSG00000171885	0	0.0
ARL9	ENSG00000196503	0	0.0
ASB3	ENSG00000115239	0	0.0
BCAR3	ENSG00000137936	0	0.0
BTBD16	ENSG00000138152	0	0.0
BTN2A2	ENSG00000124508	0	0.0
C1orf105	ENSG00000180999	0	0.0
C8orf34	ENSG00000165084	0	0.0
CCDC144NL	ENSG00000205212	0	0.0
CCDC38	ENSG00000165972	0	0.0
CDHR2	ENSG00000074276	0	0.0
CDKL2	ENSG00000138769	0	0.0
CELF3	ENSG00000159409	0	0.0
CFAP90	ENSG00000215217	0	0.0
CHST9	ENSG00000154080	0	0.0
CMKLR2	ENSG00000183671	0	0.0
CNPY4	ENSG00000166997	0	0.0
CREBZF	ENSG00000137504	0	0.0
CXXC4	ENSG00000168772	0	0.0
CYB561A3	ENSG00000162144	0	0.0
DHRS7	ENSG00000100612	0	0.0
DPP3	ENSG00000254986	0	0.0
DRC8	ENSG00000203666	0	0.0
ELF2	ENSG00000109381	0	0.0
EMILIN2	ENSG00000132205	0	0.0
EMP2	ENSG00000213853	0	0.0
ERGIC1	ENSG00000113719	0	0.0
FAM162A	ENSG00000114023	0	0.0
FAM221A	ENSG00000188732	0	0.0
FAM227B	ENSG00000166262	0	0.0
FAM234A	ENSG00000167930	0	0.0
FAM9B	ENSG00000177138	0	0.0
FOXJ3	ENSG00000198815	0	0.0
GAREM1	ENSG00000141441	0	0.0
GLIS2	ENSG00000126603	0	0.0
GOLM1	ENSG00000135052	0	0.0
GPR158	ENSG00000151025	0	0.0
GPR88	ENSG00000181656	0	0.0
GRAMD2B	ENSG00000155324	0	0.0
GRTP1	ENSG00000139835	0	0.0
HEY2	ENSG00000135547	0	0.0
HSBP1L1	ENSG00000226742	0	0.0
HSF2	ENSG00000025156	0	0.0
ISM1	ENSG00000101230	0	0.0
ITLN2	ENSG00000158764	0	0.0
KCTD1	ENSG00000134504	0	0.0
LAD1	ENSG00000159166	0	0.0
LOXL4	ENSG00000138131	0	0.0
LRRC31	ENSG00000114248	0	0.0
MAP10	ENSG00000212916	0	0.0
MAP3K21	ENSG00000143674	0	0.0
MIEF2	ENSG00000177427	0	0.0
MLF2	ENSG00000089693	0	0.0
MRPS24	ENSG00000062582	0	0.0
NET1	ENSG00000173848	0	0.0
NHERF1	ENSG00000109062	0	0.0
NHSL3	ENSG00000162522	0	0.0
NIBAN2	ENSG00000136830	0	0.0
NPM2	ENSG00000158806	0	0.0
NPTXR	ENSG00000221890	0	0.0
NRSN1	ENSG00000152954	0	0.0
NUCKS1	ENSG00000069275	0	0.0
NUDT13	ENSG00000166321	0	0.0
NXNL2	ENSG00000130045	0	0.0
PAQR5	ENSG00000137819	0	0.0
PCDHB5	ENSG00000113209	0	0.0
PCSK2	ENSG00000125851	0	0.0
PEX5L	ENSG00000114757	0	0.0
PGAP4	ENSG00000165152	0	0.0
PLPPR1	ENSG00000148123	0	0.0
PLXNC1	ENSG00000136040	0	0.0
POGLUT2	ENSG00000134901	0	0.0
POU5F2	ENSG00000248483	0	0.0
PPIL4	ENSG00000131013	0	0.0
PPM1K	ENSG00000163644	0	0.0
PPP1R1A	ENSG00000135447	0	0.0
PRAMEF10	ENSG00000187545	0	0.0
PRDM5	ENSG00000138738	0	0.0
PROX2	ENSG00000119608	0	0.0
PRSS46P	ENSG00000261603	0	0.0
PRXL2B	ENSG00000157870	0	0.0
PTPRU	ENSG00000060656	0	0.0
RADX	ENSG00000147231	0	0.0
RASGEF1B	ENSG00000138670	0	0.0
REG4	ENSG00000134193	0	0.0
RLF	ENSG00000117000	0	0.0
RNF32	ENSG00000105982	0	0.0
RTL1	ENSG00000254656	0	0.0
RTN4RL1	ENSG00000185924	0	0.0
SCARA3	ENSG00000168077	0	0.0
SCGB2B2	ENSG00000205209	0	0.0
SEC14L4	ENSG00000133488	0	0.0
SERINC2	ENSG00000168528	0	0.0
SFXN2	ENSG00000156398	0	0.0
SIGLEC5	ENSG00000105501	0	0.0
SLC16A13	ENSG00000174327	0	0.0
SLC38A11	ENSG00000169507	0	0.0
SLC6A16	ENSG00000063127	0	0.0
SLC6A20	ENSG00000163817	0	0.0
SLCO1B7	ENSG00000205754	0	0.0
SMPDL3A	ENSG00000172594	0	0.0
SPATA1	ENSG00000122432	0	0.0
STXBP6	ENSG00000168952	0	0.0
SUN3	ENSG00000164744	0	0.0
SUPV3L1	ENSG00000156502	0	0.0
TCP10L3	ENSG00000203690	0	0.0
TEDDM1	ENSG00000203730	0	0.0
TIFAB	ENSG00000255833	0	0.0
TMC3	ENSG00000188869	0	0.0
TMEM214	ENSG00000119777	0	0.0
TMEM63A	ENSG00000196187	0	0.0
TRAPPC3L	ENSG00000173626	0	0.0
TRPC5OS	ENSG00000204025	0	0.0
TSPAN3	ENSG00000140391	0	0.0
TSPYL4	ENSG00000187189	0	0.0
TTC24	ENSG00000187862	0	0.0
TTC7B	ENSG00000165914	0	0.0
TTL	ENSG00000114999	0	0.0
VN1R1	ENSG00000178201	0	0.0
WDR33	ENSG00000136709	0	0.0
WDR72	ENSG00000166415	0	0.0
YPEL1	ENSG00000100027	0	0.0
ZCWPW2	ENSG00000206559	0	0.0
ZDHHC23	ENSG00000184307	0	0.0
ZFHX4	ENSG00000091656	0	0.0
ZFP41	ENSG00000181638	0	0.0
ZMAT3	ENSG00000172667	0	0.0
ZNF132	ENSG00000131849	0	0.0
ZNF24	ENSG00000172466	0	0.0
ZNF382	ENSG00000161298	0	0.0
ZNF426	ENSG00000130818	0	0.0
ZNF468	ENSG00000204604	0	0.0
ZNF507	ENSG00000168813	0	0.0
ZNF544	ENSG00000198131	0	0.0
ZNF670-ZNF695	ENSG00000135747	0	0.0
